district_code,season,w_rain_mm,w_t_mean,w_t_max,w_t_min
1,Autumn,461.84399547400295,15.890000000000002,30.21722222222222,-1.572222222222222
1,Kharif,379.49306316811726,16.195555555555554,30.21722222222222,0.7238888888888888
1,Rabi,489.7005859345749,1.5058888888888888,18.238333333333333,-15.038333333333334
1,Summer,423.09866027699576,11.442638888888888,28.75611111111111,-8.830555555555556
1,Whole Year,1074.6990794831954,9.37,30.21722222222222,-15.038333333333334
1,Winter,348.60901657988626,13.673555555555556,29.924999999999997,-4.526666666666667
2,Autumn,363.0150877038638,18.266000000000002,32.461666666666666,0.5805555555555556
2,Kharif,284.78753008393363,18.218777777777778,32.461666666666666,1.798888888888889
2,Rabi,388.19698155547184,3.8020000000000005,20.85222222222222,-12.531666666666666
2,Summer,339.245347181956,14.21875,31.81222222222222,-4.947222222222222
2,Whole Year,841.570465954538,11.638981481481482,32.47611111111111,-12.531666666666666
2,Winter,257.12749605532736,15.49577777777778,31.595000000000002,-2.2544444444444443
3,Autumn,444.2577583127552,18.266000000000002,32.461666666666666,0.5805555555555556
3,Kharif,315.806896896205,18.218777777777778,32.461666666666666,1.798888888888889
3,Rabi,467.78536456264555,3.8020000000000005,20.85222222222222,-12.531666666666666
3,Summer,423.8699331945843,14.21875,31.81222222222222,-4.947222222222222
3,Whole Year,1006.4050726745692,11.638981481481482,32.47611111111111,-12.531666666666666
3,Winter,285.13587817653183,15.49577777777778,31.595000000000002,-2.2544444444444443
4,Autumn,545.3450776338577,19.78977777777778,33.449444444444445,2.6405555555555558
4,Kharif,490.45598988607526,19.179222222222222,32.925,4.462777777777777
4,Rabi,546.3654026637474,6.582111111111112,22.586111111111112,-6.5488888888888885
4,Summer,409.25172577301663,16.637083333333333,33.15611111111111,-2.3144444444444443
4,Whole Year,1220.628301806334,13.637916666666666,33.580555555555556,-6.5488888888888885
4,Winter,448.4229915113085,16.59188888888889,30.936111111111114,0.10722222222222223
5,Autumn,866.6813915732006,25.72277777777778,40.285,8.512222222222222
5,Kharif,961.9034364995443,24.777666666666665,39.55833333333333,9.67611111111111
5,Rabi,322.747183844999,11.786333333333333,28.297222222222224,-0.8027777777777777
5,Summer,302.7374452188335,22.780555555555555,40.11888888888889,3.383888888888889
5,Whole Year,1370.8804214238708,19.18486111111111,40.406666666666666,-0.8027777777777777
5,Winter,865.1672446699467,21.962555555555557,37.089444444444446,5.202777777777778
6,Autumn,361.7481006784709,1.8442222222222222,17.158333333333335,-17.899444444444445
6,Kharif,354.98138477522184,2.7674444444444446,17.176111111111112,-13.61111111111111
6,Rabi,252.6580397216258,-13.97788888888889,1.5816666666666666,-30.26388888888889
6,Summer,198.41169471514445,-3.8741666666666665,13.223333333333334,-25.793333333333333
6,Whole Year,695.3599333890747,-5.219074074074075,17.176111111111112,-30.26388888888889
6,Winter,332.134786705107,0.12022222222222223,17.176111111111112,-20.65777777777778
7,Autumn,638.6296492202414,26.968222222222224,40.95055555555555,10.635
7,Kharif,649.8555900448313,25.761444444444443,40.138333333333335,12.205
7,Rabi,377.68371415717735,13.348,29.47277777777778,1.9077777777777776
7,Summer,307.61769776625766,24.382777777777775,40.79388888888889,5.640555555555555
7,Whole Year,1148.9328061112512,20.53449074074074,41.107777777777784,1.9077777777777776
7,Winter,587.5932400791595,22.991444444444443,37.419444444444444,7.9238888888888885
8,Autumn,441.2351950848544,16.14188888888889,32.29,-2.278888888888889
8,Kharif,301.73763717103884,16.366777777777777,32.29,-0.633888888888889
8,Rabi,479.6256270161657,0.8678888888888889,18.553888888888892,-17.63611111111111
8,Summer,428.57584959599706,11.553888888888888,30.436111111111114,-9.492222222222223
8,Whole Year,1007.8773836886717,9.20263888888889,32.29,-17.63611111111111
8,Winter,283.8344839651275,13.619777777777777,32.11555555555556,-5.185
9,Autumn,143.40918756028017,5.183444444444444,22.88722222222222,-12.428888888888888
9,Kharif,148.41949244899055,5.931000000000001,22.88722222222222,-10.503888888888888
9,Rabi,122.39808935133948,-11.475444444444443,4.885555555555555,-30.48611111111111
9,Summer,63.15110135181911,-0.7354166666666667,18.824444444444442,-24.16611111111111
9,Whole Year,301.2660961496747,-2.3510648148148148,22.88722222222222,-30.48611111111111
9,Winter,159.16403851823674,3.1835555555555555,22.88722222222222,-18.092222222222222
10,Autumn,524.8442804430738,21.803,36.24111111111111,4.171666666666667
10,Kharif,433.4609550503485,21.251777777777775,35.867222222222225,5.306666666666667
10,Rabi,459.6025633084369,7.5952222222222225,24.55777777777778,-6.152222222222222
10,Summer,427.20391722667364,18.359027777777776,36.016666666666666,-0.4944444444444446
10,Whole Year,1108.3180738431804,15.197685185185186,36.30777777777777,-6.152222222222222
10,Winter,384.74304871049554,18.44022222222222,33.96,1.1894444444444445
11,Autumn,404.0311468309826,15.890000000000002,30.21722222222222,-1.572222222222222
11,Kharif,329.63359955236035,16.195555555555554,30.21722222222222,0.7238888888888888
11,Rabi,436.25286734007574,1.5058888888888888,18.238333333333333,-15.038333333333334
11,Summer,374.2067924097732,11.442638888888888,28.75611111111111,-8.830555555555556
11,Whole Year,947.4731246240574,9.37,30.21722222222222,-15.038333333333334
11,Winter,302.8062930041579,13.673555555555556,29.924999999999997,-4.526666666666667
12,Autumn,716.3326205964441,21.803,36.24111111111111,4.171666666666667
12,Kharif,755.5530621521175,21.251777777777775,35.867222222222225,5.306666666666667
12,Rabi,401.93541866120086,7.5952222222222225,24.55777777777778,-6.152222222222222
12,Summer,352.8470716539908,18.359027777777776,36.016666666666666,-0.4944444444444446
12,Whole Year,1292.598380645461,15.197685185185186,36.30777777777777,-6.152222222222222
12,Winter,684.5941237515459,18.44022222222222,33.96,1.1894444444444445
13,Autumn,423.7586149727856,15.890000000000002,30.21722222222222,-1.572222222222222
13,Kharif,334.8472369249772,16.195555555555554,30.21722222222222,0.7238888888888888
13,Rabi,412.6230043052799,1.5058888888888888,18.238333333333333,-15.038333333333334
13,Summer,383.89236924383374,11.442638888888888,28.75611111111111,-8.830555555555556
13,Whole Year,939.3737242413614,9.37,30.21722222222222,-15.038333333333334
13,Winter,304.7256749755254,13.673555555555556,29.924999999999997,-4.526666666666667
14,Autumn,578.0732593337694,19.78977777777778,33.449444444444445,2.6405555555555558
14,Kharif,546.7134629045096,19.179222222222222,32.925,4.462777777777777
14,Rabi,535.9729937215646,6.582111111111112,22.586111111111112,-6.5488888888888885
14,Summer,402.0288440535466,16.637083333333333,33.15611111111111,-2.3144444444444443
14,Whole Year,1251.0036984338528,13.637916666666666,33.580555555555556,-6.5488888888888885
14,Winter,497.653300938093,16.59188888888889,30.936111111111114,0.10722222222222223
15,Autumn,798.7498162907582,25.00311111111111,38.80388888888889,10.15388888888889
15,Kharif,866.9783835067517,23.493000000000002,37.574444444444445,10.850555555555555
15,Rabi,215.9578674087232,12.536222222222223,28.427222222222223,0.9133333333333334
15,Summer,304.3543039375433,23.042083333333334,38.75888888888889,5.053888888888888
15,Whole Year,1171.801627040254,19.050648148148145,38.80111111111111,0.9133333333333334
15,Winter,725.5027765039769,20.95422222222222,33.882222222222225,6.634444444444444
16,Autumn,989.4322300151819,17.38377777777778,29.612222222222222,1.7666666666666666
16,Kharif,1068.6957454333703,16.89388888888889,29.077777777777776,3.744444444444445
16,Rabi,340.95008606215316,4.869777777777778,19.959444444444443,-8.805555555555555
16,Summer,349.9514541447991,14.294722222222223,29.352777777777778,-3.933333333333333
16,Whole Year,1522.112130018986,11.57550925925926,29.755555555555556,-8.805555555555555
16,Winter,938.4005996510386,14.541555555555554,27.278333333333332,-0.8694444444444445
17,Autumn,950.5713226472338,31.136222222222223,45.30166666666666,15.708888888888888
17,Kharif,1030.187453927817,29.406555555555556,44.24444444444444,15.753333333333334
17,Rabi,210.45045217726792,16.884333333333334,34.422222222222224,4.855555555555556
17,Summer,305.6700535226199,28.978749999999998,45.23777777777778,10.36
17,Whole Year,1324.8817077990343,24.33736111111111,45.41,4.855555555555556
17,Winter,878.7256637658509,26.47588888888889,41.18944444444444,11.445
18,Autumn,1336.8698478837805,26.494444444444444,39.88611111111111,11.517777777777777
18,Kharif,1465.2952322424562,25.185000000000002,38.91166666666666,12.580555555555556
18,Rabi,313.1305240343704,13.408999999999999,29.14611111111111,2.5433333333333334
18,Summer,410.9094767948543,24.191944444444445,39.77777777777778,6.421666666666667
18,Whole Year,1889.0198003297187,20.298425925925926,40.03777777777778,2.5433333333333334
18,Winter,1266.7735415352163,22.53788888888889,36.071666666666665,8.466111111111111
19,Autumn,365.18194779267327,7.86088888888889,20.779444444444447,-9.956111111111111
19,Kharif,351.71454036194416,8.059888888888889,20.80611111111111,-7.011111111111111
19,Rabi,341.47212649178175,-4.910222222222222,11.215555555555556,-21.97888888888889
19,Summer,276.03389460521026,3.8497222222222223,19.855,-14.741111111111113
19,Whole Year,784.6646233442136,2.043009259259259,20.839444444444446,-21.97888888888889
19,Winter,281.3539186774029,5.829222222222222,19.81722222222222,-11.152777777777779
20,Autumn,567.8654160520268,5.207333333333334,15.955555555555556,-11.918888888888889
20,Kharif,576.1559903391948,5.596444444444444,15.958888888888888,-8.598888888888888
20,Rabi,308.44771934486926,-7.602,6.988333333333333,-24.702777777777776
20,Summer,301.00505119686323,1.0175,14.934999999999999,-18.99388888888889
20,Whole Year,994.5174139357275,-0.5844444444444444,16.012222222222224,-24.702777777777776
20,Winter,499.27202193977104,3.4402222222222223,15.581666666666665,-14.563333333333333
21,Autumn,492.3302354812622,-0.39055555555555554,13.156666666666666,-20.639444444444443
21,Kharif,509.9646329101589,0.39388888888888884,13.156666666666666,-16.447777777777777
21,Rabi,387.60318372591775,-15.127777777777778,-0.3422222222222222,-31.099999999999998
21,Summer,306.20154704871,-5.715416666666666,10.192222222222222,-27.19388888888889
21,Whole Year,1017.5761888855034,-7.006064814814815,13.156666666666666,-31.099999999999998
21,Winter,465.0999943459475,-2.0838888888888887,13.131666666666668,-21.607222222222223
22,Autumn,745.5580235890768,25.00311111111111,38.80388888888889,10.15388888888889
22,Kharif,774.211803831229,23.493000000000002,37.574444444444445,10.850555555555555
22,Rabi,247.50146242293218,12.536222222222223,28.427222222222223,0.9133333333333334
22,Summer,316.93883616311683,23.042083333333334,38.75888888888889,5.053888888888888
22,Whole Year,1125.2455982986698,19.050648148148145,38.80111111111111,0.9133333333333334
22,Winter,649.1087835470421,20.95422222222222,33.882222222222225,6.634444444444444
23,Autumn,511.24701420512093,20.24811111111111,33.995555555555555,4.6688888888888895
23,Kharif,534.7819633875731,18.973222222222223,32.50111111111111,5.764444444444445
23,Rabi,235.6945793457605,8.507444444444445,24.549999999999997,-3.3783333333333334
23,Summer,247.01428703430258,18.084861111111113,34.05722222222222,-0.05555555555555555
23,Whole Year,853.6288521501385,14.646666666666667,33.937777777777775,-3.3783333333333334
23,Winter,448.7008276472305,16.614777777777775,28.651111111111113,1.926111111111111
24,Autumn,1074.8380390627103,27.776666666666667,42.541666666666664,12.711666666666666
24,Kharif,1228.1200940956671,25.772111111111112,41.07611111111111,11.966111111111111
24,Rabi,177.7929905731645,15.111333333333334,32.55555555555556,3.348888888888889
24,Summer,299.1655863709748,26.25638888888889,42.61833333333333,7.465
24,Whole Year,1469.4723206081737,21.638333333333335,42.538333333333334,3.348888888888889
24,Winter,1044.7851796781438,23.06088888888889,36.41166666666666,8.203333333333333
25,Autumn,741.6772454082966,27.635222222222225,41.81055555555556,12.303333333333335
25,Kharif,825.3684011844712,25.803555555555555,40.49055555555556,12.532222222222222
25,Rabi,213.67121005699866,14.383555555555555,31.463333333333335,2.411111111111111
25,Summer,303.6187015821536,25.782638888888886,41.80777777777777,7.1161111111111115
25,Whole Year,1119.2741809797783,21.26537037037037,41.80611111111111,2.411111111111111
25,Winter,678.1688941928247,23.037111111111113,36.69055555555556,8.09388888888889
26,Autumn,929.3647887853008,31.136222222222223,45.30166666666666,15.708888888888888
26,Kharif,1011.3232906291744,29.406555555555556,44.24444444444444,15.753333333333334
26,Rabi,205.23147992003294,16.884333333333334,34.422222222222224,4.855555555555556
26,Summer,276.0574208509039,28.978749999999998,45.23777777777778,10.36
26,Whole Year,1292.607765600982,24.33736111111111,45.41,4.855555555555556
26,Winter,879.0839843527172,26.47588888888889,41.18944444444444,11.445
27,Autumn,545.8598518873116,33.04322222222223,47.935,15.388333333333334
27,Kharif,608.9261734441475,31.392555555555557,47.20222222222222,15.490555555555554
27,Rabi,117.96755430633546,17.085444444444445,36.288333333333334,3.1127777777777776
27,Summer,162.993998353542,30.30277777777778,47.775000000000006,9.637222222222222
27,Whole Year,769.7744822052341,25.459629629629628,48.038333333333334,3.1127777777777776
27,Winter,525.1052671231467,28.112444444444446,44.38444444444444,9.99888888888889
28,Autumn,215.92711355530275,33.885444444444445,47.82111111111111,15.521666666666667
28,Kharif,269.40103364997987,32.34133333333333,47.05555555555556,15.431666666666665
28,Rabi,47.657568798710905,17.857555555555553,37.995,2.062222222222222
28,Summer,84.25853556401475,31.184583333333332,47.74,9.422777777777778
28,Whole Year,341.4613981331802,26.3462962962963,47.97333333333333,2.062222222222222
28,Winter,223.5173065636169,29.227444444444448,45.14944444444445,9.703333333333333
29,Autumn,235.96897554411376,33.848,48.123333333333335,15.118333333333332
29,Kharif,285.7936525873288,32.281444444444446,47.41555555555556,15.157222222222222
29,Rabi,52.39983391140898,17.507333333333335,37.68388888888889,1.8327777777777778
29,Summer,92.7608354224099,31.06291666666667,48.013333333333335,9.075
29,Whole Year,362.90963462146897,26.152638888888887,48.22833333333333,1.8327777777777778
29,Winter,237.02926106364637,29.061666666666667,45.220555555555556,9.211666666666666
30,Autumn,643.9492569889667,32.83033333333333,47.593888888888884,15.583888888888888
30,Kharif,752.0883097416825,30.867666666666665,46.44444444444444,15.053333333333333
30,Rabi,113.74373119220965,17.36388888888889,37.12611111111111,2.796111111111111
30,Summer,207.54853195521153,30.619861111111113,47.55888888888889,9.515555555555556
30,Whole Year,909.3453056157256,25.446342592592593,47.60166666666667,2.796111111111111
30,Winter,625.9544890306684,27.71188888888889,43.48777777777778,9.33
31,Autumn,235.97309724914118,34.21711111111111,48.42888888888889,14.962222222222222
31,Kharif,285.1663167046176,32.849999999999994,47.76111111111111,15.360000000000001
31,Rabi,52.6108332755458,17.449333333333335,37.504444444444445,1.8655555555555554
31,Summer,86.98657125555393,31.113888888888887,48.291111111111114,9.191666666666666
31,Whole Year,358.6628222014341,26.35546296296296,48.49944444444444,1.8655555555555554
31,Winter,239.5204397779372,29.530444444444445,45.51,9.333333333333334
32,Autumn,592.5987185369487,33.04322222222223,47.935,15.388333333333334
32,Kharif,648.3520158050512,31.392555555555557,47.20222222222222,15.490555555555554
32,Rabi,146.91373709554748,17.085444444444445,36.288333333333334,3.1127777777777776
32,Summer,179.88900879825707,30.30277777777778,47.775000000000006,9.637222222222222
32,Whole Year,846.3909332419021,25.459629629629628,48.038333333333334,3.1127777777777776
32,Winter,562.3827038359725,28.112444444444446,44.38444444444444,9.99888888888889
33,Autumn,801.9958351477981,32.85933333333333,47.36833333333333,15.565555555555555
33,Kharif,861.8912836727169,31.11888888888889,46.52777777777778,15.351666666666667
33,Rabi,198.175665538965,17.030555555555555,36.17111111111111,2.5505555555555555
33,Summer,247.24815646517607,30.268472222222222,47.221111111111114,9.677222222222222
33,Whole Year,1138.619179373607,25.331574074074076,47.501666666666665,2.5505555555555555
33,Winter,754.933820164452,27.892666666666667,43.699444444444445,10.070555555555556
34,Autumn,516.0433952935315,32.85933333333333,47.36833333333333,15.565555555555555
34,Kharif,593.6231467613467,31.11888888888889,46.52777777777778,15.351666666666667
34,Rabi,118.01483441206317,17.030555555555555,36.17111111111111,2.5505555555555555
34,Summer,158.65746760754672,30.268472222222222,47.221111111111114,9.677222222222222
34,Whole Year,756.7433400295536,25.331574074074076,47.501666666666665,2.5505555555555555
34,Winter,515.9444416824176,27.892666666666667,43.699444444444445,10.070555555555556
35,Autumn,507.8142702523619,33.49122222222222,48.12444444444444,15.219999999999999
35,Kharif,583.3951991322554,31.86888888888889,47.419999999999995,14.982777777777777
35,Rabi,107.61624260132925,17.007777777777775,36.71333333333334,1.941111111111111
35,Summer,155.76742189439634,30.611250000000002,47.962222222222216,9.012222222222222
35,Whole Year,732.0485284333635,25.684583333333332,48.20777777777778,1.941111111111111
35,Winter,503.22209351126935,28.522777777777776,44.690555555555555,8.991666666666667
36,Autumn,485.4244686136781,33.269,47.88444444444444,15.278333333333332
36,Kharif,568.4902293809033,31.52766666666666,46.955000000000005,15.020555555555555
36,Rabi,90.22120275983103,17.08866666666667,37.05555555555556,1.6944444444444444
36,Summer,146.5102987045905,30.62388888888889,47.75277777777777,8.920555555555556
36,Whole Year,694.6527484178681,25.59425925925926,47.916666666666664,1.6944444444444444
36,Winter,481.80562601417853,28.257666666666665,44.325,9.003888888888888
37,Autumn,227.743506403088,33.544444444444444,47.751666666666665,15.319444444444445
37,Kharif,284.11384992080707,31.83933333333333,46.815,15.082777777777778
37,Rabi,44.26176252464453,17.562666666666665,37.778888888888886,1.9377777777777778
37,Summer,79.58723540066018,30.991111111111113,47.67333333333333,9.172222222222222
37,Whole Year,352.4940854958776,25.98587962962963,47.84,1.9377777777777778
37,Winter,241.81602016243116,28.66288888888889,44.66833333333333,9.078333333333333
38,Autumn,272.17162600187237,33.763888888888886,48.195,15.048333333333334
38,Kharif,335.4529660109568,32.19144444444444,47.46388888888889,15.059444444444445
38,Rabi,57.560773955589084,17.246666666666666,37.263888888888886,1.7794444444444446
38,Summer,94.65916279261862,30.893194444444443,48.06388888888889,8.98388888888889
38,Whole Year,419.8272798404925,25.97138888888889,48.260555555555555,1.7794444444444446
38,Winter,287.43561482457096,28.887777777777778,44.995555555555555,8.959444444444445
39,Autumn,227.42521712050578,34.345222222222226,48.33111111111111,15.211111111111112
39,Kharif,273.2048047424098,32.965555555555554,47.64055555555555,15.510555555555555
39,Rabi,49.37421546264747,17.77733333333333,37.986666666666665,1.8788888888888888
39,Summer,89.76155682786562,31.331944444444446,48.236666666666665,9.486666666666666
39,Whole Year,346.8918811902404,26.583703703703705,48.42277777777778,1.8788888888888888
39,Winter,223.04186678852562,29.734333333333332,45.68222222222222,9.719444444444443
40,Autumn,618.8946735060049,32.39533333333333,46.95944444444444,15.96388888888889
40,Kharif,699.0599990685781,30.50911111111111,45.794999999999995,15.886666666666665
40,Rabi,118.86873426122798,17.463,36.25555555555556,3.897777777777778
40,Summer,182.30437505514257,30.231111111111108,46.903333333333336,10.34388888888889
40,Whole Year,865.790814910084,25.26601851851852,46.971666666666664,3.897777777777778
40,Winter,601.5153296720237,27.454777777777778,42.73166666666666,10.809444444444445
41,Autumn,551.4823391774186,33.04244444444444,47.61833333333333,15.326666666666666
41,Kharif,646.7152319960296,31.105777777777778,46.46111111111111,14.615555555555554
41,Rabi,92.9465005032856,17.376333333333335,37.55277777777778,2.308888888888889
41,Summer,181.34736032521835,30.766666666666666,47.589444444444446,9.172777777777778
41,Whole Year,777.9011541231777,25.572824074074074,47.64333333333334,2.308888888888889
41,Winter,531.8444137131726,27.919444444444444,43.714444444444446,8.77888888888889
42,Autumn,735.9987960754445,32.39533333333333,46.95944444444444,15.96388888888889
42,Kharif,830.3551532668923,30.50911111111111,45.794999999999995,15.886666666666665
42,Rabi,168.360526593471,17.463,36.25555555555556,3.897777777777778
42,Summer,254.3908600474673,30.231111111111108,46.903333333333336,10.34388888888889
42,Whole Year,1064.3573454612933,25.26601851851852,46.971666666666664,3.897777777777778
42,Winter,700.0894503953556,27.454777777777778,42.73166666666666,10.809444444444445
43,Autumn,314.7677652390881,33.544444444444444,47.751666666666665,15.319444444444445
43,Kharif,378.90740370129544,31.83933333333333,46.815,15.082777777777778
43,Rabi,57.32861819770187,17.562666666666665,37.778888888888886,1.9377777777777778
43,Summer,102.80674088549696,30.991111111111113,47.67333333333333,9.172222222222222
43,Whole Year,463.46977418133366,25.98587962962963,47.84,1.9377777777777778
43,Winter,321.4319178780748,28.66288888888889,44.66833333333333,9.078333333333333
44,Autumn,789.1829727919841,31.052333333333333,45.97388888888889,15.398888888888889
44,Kharif,912.7813630685393,28.896666666666665,44.56777777777778,14.788888888888888
44,Rabi,167.71729901842312,17.123444444444445,35.55388888888889,4.407777777777778
44,Summer,260.60369683080063,29.404583333333335,45.995,9.915555555555555
44,Whole Year,1140.8721289159155,24.32416666666667,45.89722222222222,4.407777777777778
44,Winter,767.9715655911943,25.96011111111111,40.66277777777778,10.032777777777778
45,Autumn,855.6849831446176,25.729111111111113,39.38388888888889,11.899444444444445
45,Kharif,982.8315195036981,23.840444444444444,38.11222222222222,11.363888888888889
45,Rabi,154.2962116864682,13.972888888888889,30.637222222222224,2.3066666666666666
45,Summer,302.1760237299734,24.381805555555555,39.54,6.875555555555556
45,Whole Year,1229.1747389246054,20.03851851851852,39.51222222222222,2.3066666666666666
45,Winter,822.2340091600738,21.339000000000002,33.91388888888889,7.516111111111111
46,Autumn,1563.677604024057,17.618000000000002,29.67388888888889,2.825
46,Kharif,1681.1073927119096,16.73922222222222,28.590555555555554,4.015555555555555
46,Rabi,235.85776224891066,6.542222222222223,22.476666666666667,-7.101111111111111
46,Summer,553.5782228462673,15.384305555555557,29.77111111111111,-2.8894444444444445
46,Whole Year,2123.7629489606866,12.418472222222222,29.807222222222222,-7.101111111111111
46,Winter,1434.9802457269418,14.624666666666668,25.755,-0.7227777777777777
47,Autumn,985.4454443162236,11.902222222222223,22.88611111111111,-3.8305555555555557
47,Kharif,1057.4601935959524,11.65088888888889,22.299444444444443,-1.3616666666666666
47,Rabi,212.8994419329144,0.5318888888888889,15.610555555555557,-13.54
47,Summer,370.0112547221835,8.89375,22.752222222222223,-9.530555555555557
47,Whole Year,1395.437082260571,6.675694444444444,22.967222222222222,-13.54
47,Winter,904.814408943057,9.604000000000001,20.301666666666666,-6.338333333333334
48,Autumn,1223.1863790167704,30.075222222222223,44.03944444444445,16.51388888888889
48,Kharif,1384.3355726727182,27.753444444444444,42.70055555555555,14.733888888888888
48,Rabi,151.7383234527376,17.60088888888889,35.53277777777778,5.486111111111111
48,Summer,375.324794618951,29.077777777777776,44.178333333333335,10.8
48,Whole Year,1653.731009335816,23.99046296296296,44.181666666666665,5.486111111111111
48,Winter,1183.247847291165,25.027444444444445,37.96277777777778,10.653333333333332
49,Autumn,1127.2566032773227,23.71211111111111,37.71944444444445,8.99
49,Kharif,1276.1800799095245,22.065555555555555,36.30166666666667,9.263333333333334
49,Rabi,182.9799914068232,11.798333333333334,27.975555555555555,0.1088888888888889
49,Summer,316.75802190588024,22.057916666666667,37.79666666666667,4.515
49,Whole Year,1541.4499325372828,17.98435185185185,37.87555555555556,0.1088888888888889
49,Winter,1098.655698954369,19.57,31.758333333333333,5.796111111111111
50,Autumn,885.2594446571612,29.57177777777778,44.38611111111111,15.221111111111112
50,Kharif,1033.9965092967504,27.301222222222222,42.92722222222222,14.047777777777778
50,Rabi,115.7588709986734,16.490555555555556,34.065,4.343333333333334
50,Summer,244.57149413490183,28.29625,44.49777777777778,9.771666666666668
50,Whole Year,1207.909945829392,23.213101851851853,44.45388888888888,4.343333333333334
50,Winter,885.7469371826974,24.471555555555554,37.97222222222222,9.603333333333333
51,Autumn,959.6527228694823,25.729111111111113,39.38388888888889,11.899444444444445
51,Kharif,1152.5963095442426,23.840444444444444,38.11222222222222,11.363888888888889
51,Rabi,131.85532386911413,13.972888888888889,30.637222222222224,2.3066666666666666
51,Summer,300.63420747731016,24.381805555555555,39.54,6.875555555555556
51,Whole Year,1360.3211895321253,20.03851851851852,39.51222222222222,2.3066666666666666
51,Winter,973.589946573738,21.339000000000002,33.91388888888889,7.516111111111111
52,Autumn,727.7108487365422,24.608999999999998,38.303333333333335,11.167222222222222
52,Kharif,843.9397340567989,22.75588888888889,36.85444444444445,10.519444444444444
52,Rabi,128.50804955388108,12.869111111111112,28.813888888888886,1.7794444444444446
52,Summer,239.47361219357006,23.208055555555557,38.434444444444445,6.595555555555555
52,Whole Year,1035.4824332107135,18.93175925925926,38.416666666666664,1.7794444444444446
52,Winter,712.291038091053,20.279333333333334,32.01277777777778,6.887777777777778
53,Autumn,1655.8446018722325,11.318555555555555,22.724444444444444,-4.446666666666667
53,Kharif,1770.7900354743006,11.257777777777777,22.443333333333335,-2.631111111111111
53,Rabi,244.26732378419905,-0.07355555555555554,15.273333333333333,-16.37611111111111
53,Summer,565.3649964544509,8.088472222222222,22.311111111111114,-9.958333333333334
53,Whole Year,2239.8259084464776,6.0945833333333335,22.790000000000003,-16.37611111111111
53,Winter,1527.968103015423,9.192333333333332,21.088333333333335,-7.364444444444445
54,Autumn,823.1418929107394,18.60066666666667,31.341666666666665,4.236111111111111
54,Kharif,877.0255345225701,17.570444444444444,30.03722222222222,5.683888888888889
54,Rabi,189.6829075835829,7.662333333333333,22.843888888888888,-4.310555555555556
54,Summer,307.40867061259934,16.532777777777778,31.412777777777777,0.05888888888888888
54,Whole Year,1166.429291403082,13.42912037037037,31.459999999999997,-4.310555555555556
54,Winter,741.6373361664605,15.424222222222223,26.170555555555556,2.0611111111111113
55,Autumn,913.9116606013273,18.60066666666667,31.341666666666665,4.236111111111111
55,Kharif,978.9533776977546,17.570444444444444,30.03722222222222,5.683888888888889
55,Rabi,198.166022264985,7.662333333333333,22.843888888888888,-4.310555555555556
55,Summer,330.166379749453,16.532777777777778,31.412777777777777,0.05888888888888888
55,Whole Year,1292.5342587903601,13.42912037037037,31.459999999999997,-4.310555555555556
55,Winter,828.1907797947893,15.424222222222223,26.170555555555556,2.0611111111111113
56,Autumn,966.2483568898642,31.11733333333333,45.519444444444446,16.507777777777775
56,Kharif,1176.6021572679142,28.651555555555554,44.40888888888889,15.407222222222222
56,Rabi,102.49146232691903,17.962666666666664,36.593333333333334,4.965
56,Summer,269.46992725327055,30.07222222222222,45.66,10.39
56,Whole Year,1338.1308089615432,24.694351851851852,45.74,4.965
56,Winter,1001.6411056185348,25.775,39.965,10.616111111111111
57,Autumn,802.0970160033967,5.937555555555555,17.150555555555556,-11.335
57,Kharif,847.1228103096838,6.3325555555555555,17.093888888888888,-8.036111111111111
57,Rabi,230.63707028798478,-6.460444444444445,8.148333333333333,-22.78944444444444
57,Summer,321.1364531488744,1.8529166666666665,16.56222222222222,-16.157777777777778
57,Whole Year,1189.9196904828702,0.3327777777777778,17.17388888888889,-22.78944444444444
57,Winter,716.4624381757997,4.230666666666667,16.21055555555556,-12.57388888888889
58,Autumn,825.3029439664549,31.052333333333333,45.97388888888889,15.398888888888889
58,Kharif,959.6687550087356,28.896666666666665,44.56777777777778,14.788888888888888
58,Rabi,133.6040958954642,17.123444444444445,35.55388888888889,4.407777777777778
58,Summer,241.48251937205592,29.404583333333335,45.995,9.915555555555555
58,Whole Year,1143.521269866162,24.32416666666667,45.89722222222222,4.407777777777778
58,Winter,806.9521543199403,25.96011111111111,40.66277777777778,10.032777777777778
59,Autumn,302.41323357475574,33.336777777777776,46.21055555555555,16.35611111111111
59,Kharif,350.4909169394523,31.84977777777778,45.55611111111111,16.48166666666667
59,Rabi,41.82956600313385,18.525777777777776,38.21277777777778,2.915
59,Summer,97.86190226060097,31.138333333333335,46.145,10.15611111111111
59,Whole Year,427.35464790042624,26.407546296296296,46.31722222222223,2.915
59,Winter,300.8148827888761,28.953222222222223,43.711666666666666,10.588888888888889
60,Autumn,364.45971790514886,32.78566666666667,47.43888888888889,16.047222222222224
60,Kharif,444.7796404469344,30.38988888888889,46.333333333333336,14.587222222222222
60,Rabi,48.17220176104456,17.991,38.47555555555555,2.4716666666666667
60,Summer,67.55154227693048,31.233194444444443,47.50333333333334,9.484444444444444
60,Whole Year,511.1454655688463,25.63226851851852,47.455555555555556,2.4716666666666667
60,Winter,408.86187733896077,27.291222222222224,42.787777777777784,8.613888888888889
61,Autumn,264.9725585764067,33.54022222222222,47.46,15.690000000000001
61,Kharif,322.86926198571365,31.88744444444444,46.59444444444445,15.35388888888889
61,Rabi,46.00100922405167,17.915222222222223,38.12055555555556,2.0994444444444444
61,Summer,91.08935076074191,31.069166666666668,47.40111111111111,9.38888888888889
61,Whole Year,397.3989269895548,26.167037037037037,47.607777777777784,2.0994444444444444
61,Winter,275.75284603596833,28.82611111111111,44.58444444444444,9.636666666666667
62,Autumn,381.69348508354136,32.92622222222222,47.12555555555556,15.76388888888889
62,Kharif,464.33789085113887,30.814000000000004,46.16,15.062222222222223
62,Rabi,50.512088154546085,18.005333333333333,38.46055555555555,2.3138888888888887
62,Summer,87.90469225578838,31.112499999999997,47.16833333333333,9.401666666666666
62,Whole Year,542.4882005699393,25.785555555555554,47.181666666666665,2.3138888888888887
62,Winter,418.77342020016573,27.77677777777778,43.333333333333336,8.943333333333333
63,Autumn,289.7963614036087,33.56366666666666,46.82944444444444,16.061111111111114
63,Kharif,347.0408412818279,32.03633333333333,46.16555555555556,15.969999999999999
63,Rabi,47.52134723299079,18.240333333333336,38.159444444444446,2.5277777777777777
63,Summer,95.41686130749683,31.154166666666665,46.78277777777778,9.73388888888889
63,Whole Year,426.4138362513924,26.371388888888887,46.986111111111114,2.5277777777777777
63,Winter,299.50886235427527,29.04066666666667,44.23888888888889,10.138333333333334
64,Autumn,306.08191408506696,32.92622222222222,47.12555555555556,15.76388888888889
64,Kharif,374.1381844890614,30.814000000000004,46.16,15.062222222222223
64,Rabi,43.39083470621457,18.005333333333333,38.46055555555555,2.3138888888888887
64,Summer,89.83322901609871,31.112499999999997,47.16833333333333,9.401666666666666
64,Whole Year,451.0253268096389,25.785555555555554,47.181666666666665,2.3138888888888887
64,Winter,331.5290819327864,27.77677777777778,43.333333333333336,8.943333333333333
65,Autumn,316.17074195119653,33.117222222222225,47.45722222222222,15.405555555555557
65,Kharif,386.0584288665818,31.23177777777778,46.39388888888889,14.83
65,Rabi,61.60178933634112,17.636777777777777,37.92666666666666,2.1655555555555557
65,Summer,99.83384603375777,30.873055555555556,47.43611111111111,9.2
65,Whole Year,480.2926774395423,25.753703703703703,47.53611111111111,2.1655555555555557
65,Winter,336.5783127018561,28.12822222222222,43.80722222222222,8.891666666666667
66,Autumn,392.01607192287014,33.04244444444444,47.61833333333333,15.326666666666666
66,Kharif,466.9404920209199,31.105777777777778,46.46111111111111,14.615555555555554
66,Rabi,71.32313360322128,17.376333333333335,37.55277777777778,2.308888888888889
66,Summer,130.17123078782527,30.766666666666666,47.589444444444446,9.172777777777778
66,Whole Year,566.9507044408194,25.572824074074074,47.64333333333334,2.308888888888889
66,Winter,383.3448091977862,27.919444444444444,43.714444444444446,8.77888888888889
67,Autumn,417.32329824856583,32.57033333333333,47.32888888888888,15.598333333333333
67,Kharif,507.3758972543119,30.37566666666667,46.12388888888889,14.338333333333335
67,Rabi,81.89397887278486,17.43722222222222,37.70111111111111,2.5394444444444444
67,Summer,131.91539830293644,30.673750000000002,47.38166666666667,9.422222222222222
67,Whole Year,619.1474574004748,25.28884259259259,47.385555555555555,2.5394444444444444
67,Winter,425.0328954995644,27.235888888888887,42.75944444444444,8.645000000000001
68,Autumn,595.3040625635119,32.23866666666667,47.32555555555555,15.798333333333334
68,Kharif,695.9066790843865,29.971999999999998,45.94833333333334,14.305555555555555
68,Rabi,97.50937285957235,17.372,37.14111111111111,3.296111111111111
68,Summer,182.86096395634942,30.453472222222224,47.358333333333334,9.817222222222222
68,Whole Year,832.240387243667,25.05800925925926,47.32277777777777,3.296111111111111
68,Winter,576.3127738427095,26.838444444444445,42.300555555555555,9.010555555555555
69,Autumn,342.8256682614899,32.53677777777778,46.20055555555555,16.21777777777778
69,Kharif,399.1776172079974,30.59733333333333,45.34444444444445,15.905555555555557
69,Rabi,40.25144085867537,18.328333333333333,38.47277777777778,2.675
69,Summer,105.79024934085707,30.899305555555557,46.22611111111111,9.597222222222221
69,Whole Year,468.3334803980672,25.791574074074074,46.35166666666667,2.675
69,Winter,337.3269202709198,27.764888888888887,42.81666666666667,10.063333333333333
70,Autumn,917.9407152637011,31.052333333333333,45.97388888888889,15.398888888888889
70,Kharif,1056.6518843196054,28.896666666666665,44.56777777777778,14.788888888888888
70,Rabi,181.43995425684582,17.123444444444445,35.55388888888889,4.407777777777778
70,Summer,281.8859669974556,29.404583333333335,45.995,9.915555555555555
70,Whole Year,1302.3249135278163,24.32416666666667,45.89722222222222,4.407777777777778
70,Winter,895.2762462488479,25.96011111111111,40.66277777777778,10.032777777777778
71,Autumn,341.40852785772745,32.57033333333333,47.32888888888888,15.598333333333333
71,Kharif,434.87137634472714,30.37566666666667,46.12388888888889,14.338333333333335
71,Rabi,72.10172932491534,17.43722222222222,37.70111111111111,2.5394444444444444
71,Summer,104.75771484161831,30.673750000000002,47.38166666666667,9.422222222222222
71,Whole Year,532.4345265074322,25.28884259259259,47.385555555555555,2.5394444444444444
71,Winter,373.2803439100583,27.235888888888887,42.75944444444444,8.645000000000001
72,Autumn,376.3408259000905,32.882444444444445,46.90833333333333,16.288888888888888
72,Kharif,449.283349522148,30.717444444444443,45.86277777777778,15.380000000000003
72,Rabi,44.743271085399165,18.323555555555558,38.74666666666667,2.6883333333333335
72,Summer,100.43093071443339,31.290138888888887,46.964444444444446,9.899999999999999
72,Whole Year,526.8305032914849,25.91236111111111,46.958888888888886,2.6883333333333335
72,Winter,396.0789665091368,27.747888888888887,43.015,9.548333333333334
73,Autumn,318.57592297593754,32.871111111111105,47.29611111111111,15.597222222222221
73,Kharif,388.9276124166532,30.730888888888884,46.30722222222222,14.58888888888889
73,Rabi,53.97767179511074,17.708222222222222,38.10722222222223,2.2411111111111115
73,Summer,100.83830743655562,30.946388888888887,47.343333333333334,9.260555555555555
73,Whole Year,480.8380142190597,25.596435185185186,47.38611111111111,2.2411111111111115
73,Winter,342.3086066790339,27.625,43.29611111111112,8.65388888888889
74,Autumn,202.62182461956724,33.88344444444445,47.358333333333334,15.749444444444444
74,Kharif,243.48247529690465,32.412,46.57222222222222,15.754444444444443
74,Rabi,40.347880233079195,18.169777777777778,38.184999999999995,2.2444444444444445
74,Summer,74.96356587505176,31.252361111111114,47.29833333333333,9.762222222222222
74,Whole Year,306.14793080288086,26.511527777777776,47.492222222222225,2.2444444444444445
74,Winter,204.37451380449863,29.374,44.855,10.32388888888889
75,Autumn,352.6274949603334,32.871111111111105,47.29611111111111,15.597222222222221
75,Kharif,437.28907650419404,30.730888888888884,46.30722222222222,14.58888888888889
75,Rabi,64.35061873005772,17.708222222222222,38.10722222222223,2.2411111111111115
75,Summer,111.76484014990704,30.946388888888887,47.343333333333334,9.260555555555555
75,Whole Year,534.5035774901647,25.596435185185186,47.38611111111111,2.2411111111111115
75,Winter,377.5101190671601,27.625,43.29611111111112,8.65388888888889
76,Autumn,938.0819167418888,31.320666666666668,46.782222222222224,15.688333333333333
76,Kharif,1081.858661962742,28.846666666666668,45.26222222222222,13.818888888888889
76,Rabi,136.70869325653268,17.217444444444443,36.29277777777778,3.2405555555555554
76,Summer,252.66513686171837,29.946527777777778,46.86333333333333,9.574444444444445
76,Whole Year,1271.2891322953833,24.450694444444444,46.782222222222224,3.2405555555555554
76,Winter,917.5967907401973,25.799333333333337,40.67333333333333,9.101666666666667
86,Autumn,359.4278488853187,31.68333333333333,45.07833333333333,16.829444444444444
86,Kharif,426.1881004086247,29.71677777777778,44.30166666666666,15.21722222222222
86,Rabi,22.622203549715103,18.97322222222222,38.46611111111111,3.4955555555555557
86,Summer,67.50184515698089,30.699444444444445,45.12,10.209444444444445
86,Whole Year,466.6123041122876,25.659953703703703,45.367777777777775,3.4955555555555557
86,Winter,387.1515791501712,27.134888888888888,41.37,10.465555555555556
87,Autumn,459.5175008225358,33.074888888888886,47.11,16.87388888888889
87,Kharif,555.9954657206932,30.825555555555557,46.02222222222222,15.984444444444442
87,Rabi,38.27649358494414,18.87666666666667,39.07555555555555,3.43
87,Summer,110.15537954722014,31.725833333333338,47.15111111111111,10.529444444444444
87,Whole Year,619.5067268127782,26.26046296296296,47.187777777777775,3.43
87,Winter,486.20302198992835,27.896333333333335,42.92388888888889,10.423333333333334
88,Autumn,713.4387150006713,30.539111111111108,45.50333333333333,18.813888888888886
88,Kharif,880.5142402898658,27.819111111111113,43.370555555555555,15.865
88,Rabi,9.572052369791047,22.40822222222222,40.88666666666667,7.107777777777778
88,Summer,97.24424834245885,31.318333333333335,45.60611111111111,13.34388888888889
88,Whole Year,894.530882054043,26.441203703703703,45.818333333333335,7.107777777777778
88,Winter,792.61646789133,26.06122222222222,37.50277777777777,12.696111111111112
89,Autumn,705.8485796366715,31.41,45.96666666666667,17.697222222222223
89,Kharif,818.4608643232948,28.432666666666666,44.78,14.474444444444446
89,Rabi,30.64864652003679,20.201888888888888,39.55444444444444,4.890555555555555
89,Summer,146.35477490185036,31.512500000000003,46.058888888888895,11.296111111111111
89,Whole Year,856.201240522373,25.81962962962963,46.20444444444445,4.890555555555555
89,Winter,697.080935155145,25.935666666666666,38.905,10.748333333333333
90,Autumn,251.24834062572984,33.09222222222222,45.43388888888889,19.350555555555555
90,Kharif,302.04436343080465,31.91611111111111,44.67333333333333,17.818333333333335
90,Rabi,13.92448109564268,21.14311111111111,39.580555555555556,5.373333333333333
90,Summer,55.33620498360445,31.81666666666667,45.43666666666667,12.599444444444444
90,Whole Year,333.8547421843848,27.617361111111112,45.785,5.373333333333333
90,Winter,268.82981533143254,29.699333333333332,42.67888888888889,12.347222222222221
91,Autumn,454.7759697957907,33.36844444444444,47.5,17.342222222222222
91,Kharif,548.0165435473584,30.949333333333332,46.46055555555555,15.739444444444445
91,Rabi,34.38226009643188,19.184,39.476111111111116,3.1405555555555558
91,Summer,100.4222733342997,32.23305555555555,47.558888888888895,10.510555555555555
91,Whole Year,600.6457308501373,26.524074074074075,47.617777777777775,3.1405555555555558
91,Winter,481.45901095577415,27.943444444444445,42.57222222222222,9.925
92,Autumn,484.1571766350556,31.552666666666667,45.62833333333333,17.126666666666665
92,Kharif,556.6425056202958,29.180222222222223,44.580555555555556,15.277222222222223
92,Rabi,21.239608238071753,19.76188888888889,39.419444444444444,3.5533333333333332
92,Summer,70.45247728149924,31.19097222222222,45.69833333333334,10.341666666666667
92,Whole Year,588.2820008306729,25.876388888888886,45.88166666666667,3.5533333333333332
92,Winter,511.92990509841445,26.74233333333333,40.50222222222222,10.864444444444445
93,Autumn,203.8496520359897,34.10477777777778,46.10944444444445,17.62777777777778
93,Kharif,223.74958064003536,32.94877777777778,45.62444444444444,16.73166666666667
93,Rabi,29.595410907537573,19.287111111111113,38.111666666666665,3.6255555555555556
93,Summer,79.29625428302421,31.731805555555557,45.99333333333333,11.350555555555555
93,Whole Year,287.08133874750797,27.261666666666667,46.42777777777778,3.6255555555555556
93,Winter,185.60155512257995,30.11255555555556,44.06166666666667,11.104444444444445
94,Autumn,556.6671099341302,32.152,46.43388888888889,17.33
94,Kharif,637.6762836786608,29.654000000000003,45.30555555555556,15.343333333333334
94,Rabi,30.393756697575252,20.067888888888888,39.86388888888889,3.7872222222222223
94,Summer,115.04956108069528,31.784166666666668,46.49722222222223,10.51611111111111
94,Whole Year,680.2353727149742,26.304953703703703,46.693333333333335,3.7872222222222223
94,Winter,554.4874955722028,27.122777777777777,41.004444444444445,11.015555555555556
95,Autumn,575.3836022178056,30.416000000000004,44.95666666666667,17.79388888888889
95,Kharif,677.6769087105805,27.861666666666665,43.14,15.207777777777778
95,Rabi,15.71290740504125,20.559777777777775,39.72944444444445,5.112222222222222
95,Summer,86.10709678073539,30.747222222222224,45.099444444444444,11.48
95,Whole Year,703.138734627469,25.59837962962963,45.18888888888889,5.112222222222222
95,Winter,612.3357301317615,25.804222222222222,38.605,11.178888888888888
96,Autumn,300.4296021158634,32.79477777777778,45.385000000000005,16.337777777777777
96,Kharif,333.70516509624815,31.369333333333334,44.784444444444446,16.252222222222223
96,Rabi,30.224571297911027,18.62277777777778,37.666666666666664,3.3616666666666664
96,Summer,104.72407307393021,30.824027777777776,45.30833333333333,10.556666666666667
96,Whole Year,400.3430527712874,26.189305555555556,45.58611111111111,3.3616666666666664
96,Winter,276.97283983106416,28.59777777777778,42.965555555555554,11.054444444444444
97,Autumn,473.34694414337474,32.16433333333333,45.88333333333333,16.99888888888889
97,Kharif,561.6366390031245,29.96322222222222,45.03666666666666,15.668333333333331
97,Rabi,34.11522463667724,18.91444444444444,38.589444444444446,3.7194444444444446
97,Summer,97.36126049049199,31.127083333333335,45.93,10.437222222222223
97,Whole Year,615.2329013227588,25.815416666666668,46.120555555555555,3.7194444444444446
97,Winter,499.4654224821263,27.226666666666667,41.715555555555554,10.751666666666667
98,Autumn,481.0050818566922,33.26811111111111,47.517222222222216,17.84777777777778
98,Kharif,596.3893834122077,30.542444444444445,46.638333333333335,15.749444444444444
98,Rabi,37.82850141623229,19.583444444444446,39.897777777777776,3.557777777777778
98,Summer,91.78424135402396,32.47958333333334,47.58555555555555,10.587777777777779
98,Whole Year,649.4852439546612,26.573657407407406,47.67722222222223,3.557777777777778
98,Winter,533.6994848745978,27.585444444444445,41.916666666666664,9.831666666666667
99,Autumn,624.5575380534348,30.95733333333333,45.82,19.144444444444446
99,Kharif,763.8651811310815,28.323888888888888,43.70388888888888,15.756666666666668
99,Rabi,9.234052194696334,22.596444444444444,41.257222222222225,7.246111111111111
99,Summer,86.36987538863387,31.68722222222222,45.88,13.807777777777778
99,Whole Year,778.3773785336978,26.778657407407408,46.08111111111111,7.246111111111111
99,Winter,686.2174913788008,26.517777777777777,38.22833333333333,12.536666666666667
100,Autumn,149.83388299191438,34.867222222222225,47.49444444444444,16.150555555555556
100,Kharif,183.5609017909493,33.76311111111111,47.04611111111112,16.399444444444445
100,Rabi,28.211390323155086,18.668666666666667,38.47333333333333,2.77
100,Summer,62.2908736128866,31.793055555555554,47.40555555555555,10.409444444444444
100,Whole Year,229.689638507265,27.349444444444444,47.666666666666664,2.77
100,Winter,150.02785279164894,30.676000000000002,45.58777777777778,10.685
101,Autumn,145.44935735052934,34.340333333333334,47.30777777777777,15.979999999999999
101,Kharif,178.9737157649878,33.055,46.63722222222222,16.095
101,Rabi,29.291334424236855,18.442777777777778,38.287777777777784,2.5505555555555555
101,Summer,63.057447030864374,31.509583333333335,47.22388888888889,10.17388888888889
101,Whole Year,225.9090614468549,26.92328703703704,47.43277777777777,2.5505555555555555
101,Winter,145.3832050824745,30.00388888888889,45.14833333333333,10.595
102,Autumn,429.4339495476013,31.872999999999998,45.214444444444446,16.71611111111111
102,Kharif,511.21146475698475,29.920222222222222,44.45222222222222,15.541666666666666
102,Rabi,30.022705913371876,18.72711111111111,38.04333333333333,3.671111111111111
102,Summer,92.88778246883993,30.669999999999998,45.21722222222222,10.328888888888889
102,Whole Year,559.2559442222578,25.631203703703704,45.47388888888889,3.671111111111111
102,Winter,452.14751715489007,27.248666666666665,41.52444444444444,10.666666666666666
103,Autumn,158.39555697147676,34.04244444444444,46.23833333333333,18.135
103,Kharif,175.38600352378907,32.964777777777776,45.812777777777775,17.861666666666665
103,Rabi,12.922361403059812,20.259,39.226111111111116,3.9244444444444446
103,Summer,40.65067347999156,32.01305555555555,46.18833333333333,11.871666666666666
103,Whole Year,203.86722090026294,27.716018518518517,46.486111111111114,3.9244444444444446
103,Winter,152.33623966800027,30.420333333333335,44.10444444444445,12.073888888888888
104,Autumn,331.74477910002065,31.470555555555556,45.023888888888884,18.03611111111111
104,Kharif,407.00626039353233,29.738111111111113,43.70611111111111,16.75
104,Rabi,15.88003041891864,21.19033333333333,39.84222222222222,5.045
104,Summer,56.38589167022318,31.0625,45.062777777777775,11.927777777777777
104,Whole Year,431.3753646512136,26.623703703703704,45.217777777777776,5.045
104,Winter,363.08536277863163,27.71188888888889,40.77777777777778,12.527777777777779
105,Autumn,753.3015632826006,31.36922222222222,45.89555555555555,17.727777777777778
105,Kharif,885.1970991133539,28.393666666666668,44.513888888888886,14.767222222222223
105,Rabi,38.42238721292879,20.651111111111113,40.165,4.793333333333333
105,Summer,144.93514921122954,31.686527777777776,46.04388888888889,11.238888888888887
105,Whole Year,931.717613350117,26.03814814814815,46.15833333333333,4.793333333333333
105,Winter,766.4717021127127,26.042,38.625,10.851111111111111
106,Autumn,343.0256261679309,32.45055555555555,45.52333333333333,15.993888888888888
106,Kharif,385.00530689547736,30.808666666666667,44.77,16.121666666666666
106,Rabi,35.77232552085209,18.377444444444443,37.851111111111116,2.893333333333333
106,Summer,107.23022814743496,30.643194444444443,45.474999999999994,9.866666666666667
106,Whole Year,456.4933190176746,25.837592592592593,45.66888888888889,2.893333333333333
106,Winter,327.52284442695475,28.03666666666667,42.625,10.610555555555557
107,Autumn,264.19932996447164,32.629333333333335,45.42,17.74
107,Kharif,305.3239788777988,31.12166666666667,44.63055555555556,15.944444444444445
107,Rabi,10.563696912386352,19.724444444444444,39.06944444444444,3.764444444444445
107,Summer,64.44147325769342,31.29222222222222,45.38166666666667,11.245
107,Whole Year,334.493999188214,26.633796296296296,45.791666666666664,3.764444444444445
107,Winter,265.13161096314866,28.59444444444445,42.96388888888889,10.663888888888888
108,Autumn,459.33133317081735,32.56111111111111,46.60722222222223,17.450000000000003
108,Kharif,551.7924795171452,30.08711111111111,45.72277777777778,15.194444444444445
108,Rabi,36.20889050810149,19.39911111111111,39.30388888888889,3.6727777777777777
108,Summer,95.67897971809185,31.79138888888889,46.666666666666664,10.522222222222222
108,Whole Year,600.3704029209912,26.189953703703704,46.83444444444444,3.6727777777777777
108,Winter,485.4512228215872,27.303,41.71,10.678888888888888
109,Autumn,638.2669335957617,31.987444444444446,46.486666666666665,17.60111111111111
109,Kharif,730.8000801499519,29.168777777777777,45.28888888888889,15.007222222222222
109,Rabi,27.587817594477976,20.455,40.16222222222222,4.403333333333333
109,Summer,128.84328627365605,31.971527777777776,46.580000000000005,10.975
109,Whole Year,771.9132381912182,26.311157407407407,46.73388888888889,4.403333333333333
109,Winter,628.1229038602776,26.66411111111111,39.94777777777777,10.905555555555557
110,Autumn,299.33605008530947,32.507555555555555,45.263888888888886,17.22222222222222
110,Kharif,337.5671918749993,30.987111111111112,44.51,15.613888888888889
110,Rabi,15.502215830816162,19.14288888888889,38.480555555555554,3.4194444444444443
110,Summer,61.7556690822045,31.006249999999998,45.22277777777778,10.852777777777778
110,Whole Year,372.22063257513037,26.289768518518517,45.64555555555555,3.4194444444444443
110,Winter,300.6635878487134,28.362333333333332,42.70722222222222,10.372777777777777
111,Autumn,390.41991755890626,31.938555555555556,45.31444444444444,18.26388888888889
111,Kharif,457.24252316562666,30.177222222222227,44.294999999999995,16.875555555555554
111,Rabi,16.747326548038806,20.960111111111114,39.81,4.8966666666666665
111,Summer,66.46918636774299,31.359166666666667,45.357777777777784,11.938333333333333
111,Whole Year,486.74328216130806,26.77074074074074,45.61222222222222,4.8966666666666665
111,Winter,413.34834997369734,27.991,41.470555555555556,12.393333333333334
112,Autumn,444.8891377827083,30.663666666666668,44.096111111111114,17.19222222222222
112,Kharif,526.2221093032923,28.771666666666665,43.226111111111116,15.707777777777778
112,Rabi,20.687289981861355,19.811111111111114,38.71722222222222,3.9650000000000003
112,Summer,80.11579075303894,30.19097222222222,44.175555555555555,10.901111111111112
112,Whole Year,561.905984374177,25.522685185185182,44.437222222222225,3.9650000000000003
112,Winter,477.51604829259486,26.596333333333334,39.83277777777778,11.111666666666666
113,Autumn,549.6183370596004,32.44211111111111,46.68333333333333,17.483333333333334
113,Kharif,640.8052546321242,29.883555555555557,45.63,14.871666666666666
113,Rabi,35.48638687372483,19.721,39.67277777777778,3.6005555555555557
113,Summer,105.1577467654866,31.88444444444444,46.75388888888889,10.475555555555555
113,Whole Year,694.3335695031478,26.262129629629626,46.93055555555556,3.6005555555555557
113,Winter,576.0731798818817,27.16288888888889,41.50388888888889,10.591666666666667
114,Autumn,324.99320060449344,32.10333333333333,44.922222222222224,16.346111111111114
114,Kharif,372.1248486328318,30.527555555555555,44.22555555555555,15.752222222222223
114,Rabi,27.74552107809318,18.52,37.50944444444444,3.5050000000000003
114,Summer,89.91890660845847,30.464305555555555,44.87166666666667,10.340555555555556
114,Whole Year,427.4544559575065,25.74115740740741,45.12722222222222,3.5050000000000003
114,Winter,321.7336841051087,27.83688888888889,42.05888888888889,10.753333333333334
115,Autumn,478.3584147747606,30.462444444444447,44.25055555555556,17.737222222222222
115,Kharif,594.0346078462899,28.541333333333334,43.017222222222216,16.318333333333335
115,Rabi,17.161453469552928,20.73011111111111,39.11666666666667,5.101666666666667
115,Summer,71.63433945013418,30.338055555555556,44.31333333333333,11.647777777777778
115,Whole Year,619.2613315230442,25.823101851851852,44.507777777777775,5.101666666666667
115,Winter,541.3384657249683,26.57766666666667,39.50611111111111,12.037777777777778
116,Autumn,429.51656808817967,32.23733333333334,46.246111111111105,17.181666666666665
116,Kharif,498.1163598170711,29.92811111111111,45.23555555555556,15.264999999999999
116,Rabi,25.2726496104151,19.632777777777775,39.49722222222223,3.5283333333333333
116,Summer,78.44752971155361,31.569444444444443,46.31444444444444,10.366111111111111
116,Whole Year,535.776533418335,26.187916666666666,46.495555555555555,3.5283333333333333
116,Winter,448.13720505312085,27.308222222222224,41.54055555555556,10.703888888888889
117,Autumn,533.0261847311975,29.776555555555554,44.015,17.818333333333335
117,Kharif,646.7873038341877,27.66422222222222,42.41388888888889,16.084444444444443
117,Rabi,12.489085363776043,21.096,39.20055555555555,6.045
117,Summer,81.60695707618638,30.07763888888889,44.07555555555555,12.274999999999999
117,Whole Year,670.592200745104,25.568935185185186,44.32888888888888,6.045
117,Winter,581.397290068644,25.872888888888887,38.35166666666667,12.306111111111111
118,Autumn,371.7049282023476,33.41455555555555,47.74166666666667,17.51833333333333
118,Kharif,465.35489119775593,30.839888888888886,46.70666666666667,15.625555555555556
118,Rabi,34.39798305297477,19.246666666666666,39.712777777777774,3.1383333333333336
118,Summer,77.07183011745413,32.38097222222222,47.82611111111111,10.429444444444446
118,Whole Year,513.7749369857419,26.53324074074074,47.806666666666665,3.1383333333333336
118,Winter,414.6094360643377,27.797,42.25833333333333,9.415
119,Autumn,481.0248656740619,32.82822222222222,47.47222222222222,16.594444444444445
119,Kharif,589.555142013563,30.226888888888894,46.305,14.716111111111111
119,Rabi,43.207752152346075,18.23122222222222,38.96,2.4716666666666667
119,Summer,92.02667894048824,31.588333333333335,47.57222222222222,9.508333333333333
119,Whole Year,659.403576701776,25.72828703703704,47.495555555555555,2.4716666666666667
119,Winter,534.9933136727454,27.07988888888889,42.16222222222222,8.432222222222222
120,Autumn,597.032163835579,33.02911111111111,47.513333333333335,19.135
120,Kharif,802.2980707780355,29.89988888888889,46.49055555555556,15.221111111111112
120,Rabi,41.499998840330925,20.052666666666667,40.766666666666666,4.63
120,Summer,113.64456495801332,32.79958333333334,47.669444444444444,11.546666666666667
120,Whole Year,855.4927546669626,26.576898148148146,47.61666666666667,4.63
120,Winter,713.2073016295003,26.961,40.14,10.517222222222223
121,Autumn,652.9690984924221,32.522111111111116,46.89944444444444,18.426111111111112
121,Kharif,817.0331677684767,29.61444444444444,45.57944444444444,15.209444444444443
121,Rabi,35.23850413991345,19.325444444444443,39.845,4.3661111111111115
121,Summer,177.30099509946174,32.011944444444445,47.025555555555556,11.13888888888889
121,Whole Year,885.3927918738789,26.004583333333333,46.968888888888884,4.3661111111111115
121,Winter,683.077649463175,26.695555555555554,39.86833333333333,9.943888888888889
122,Autumn,358.83377077671935,33.32066666666667,47.55777777777777,18.325000000000003
122,Kharif,467.59138788158697,30.50811111111111,46.52444444444445,15.742222222222223
122,Rabi,31.137145543333002,19.52988888888889,40.111111111111114,3.755555555555555
122,Summer,70.37165385884819,32.54138888888889,47.67333333333333,10.918888888888889
122,Whole Year,507.06635761109214,26.551018518518518,47.56,3.755555555555555
122,Winter,414.7056067206517,27.49366666666667,41.60666666666666,9.681111111111111
123,Autumn,604.757302618551,32.49011111111111,46.825,18.732777777777777
123,Kharif,779.5898519075579,29.574111111111108,45.435,15.478333333333333
123,Rabi,29.549116270961584,19.589,40.193333333333335,4.385000000000001
123,Summer,155.90053695734636,32.136805555555554,46.967777777777776,11.28111111111111
123,Whole Year,833.8144911781505,26.119166666666665,46.905,4.385000000000001
123,Winter,662.8616207971432,26.703333333333333,39.35166666666667,10.100555555555555
124,Autumn,443.6346949999117,32.39666666666667,47.35277777777778,15.729444444444445
124,Kharif,531.4048121847487,29.941111111111113,46.215555555555554,14.068888888888889
124,Rabi,64.05530322908803,17.628666666666664,37.94388888888889,2.2150000000000003
124,Summer,113.1601240719772,30.862222222222222,47.41722222222222,9.334444444444445
124,Whole Year,623.194927940973,25.23550925925926,47.47,2.2150000000000003
124,Winter,464.22419902095913,26.81688888888889,42.24111111111111,8.26388888888889
125,Autumn,843.3838111749953,32.41122222222222,46.41722222222222,17.67111111111111
125,Kharif,1012.22921869867,29.81277777777778,45.06388888888889,15.115555555555554
125,Rabi,50.86504771960554,18.824333333333335,38.58111111111111,3.942222222222222
125,Summer,234.89632500027432,31.42055555555556,46.568333333333335,10.523888888888889
125,Whole Year,1120.573085233615,25.778240740740742,46.474999999999994,3.942222222222222
125,Winter,849.2344498523959,26.907,40.02333333333333,9.786111111111111
126,Autumn,646.3173991255462,32.089444444444446,45.916666666666664,18.858333333333334
126,Kharif,781.8695923220366,29.325000000000003,44.40888888888889,15.761111111111111
126,Rabi,54.09243787721627,19.56211111111111,39.95611111111111,4.493333333333333
126,Summer,189.2097081914544,31.727222222222224,46.02611111111111,11.500555555555556
126,Whole Year,880.4735203468138,25.93587962962963,46.21944444444445,4.493333333333333
126,Winter,654.6643763073823,26.601444444444446,37.95388888888888,10.359444444444444
127,Autumn,674.2628501891676,31.749777777777776,45.47555555555555,18.519444444444446
127,Kharif,822.319868200562,29.35755555555555,44.125,16.615
127,Rabi,29.945902863413924,19.16611111111111,38.44,5.151111111111111
127,Summer,189.70341811918965,30.930555555555557,45.590555555555554,11.43888888888889
127,Whole Year,885.0023098390343,25.631805555555555,45.63111111111111,5.151111111111111
127,Winter,677.3891123448395,26.716,39.32944444444445,11.348888888888888
128,Autumn,627.0291427802294,33.203,47.70666666666667,18.956666666666663
128,Kharif,799.7299060854647,29.99522222222222,46.74666666666667,15.330555555555556
128,Rabi,51.22927047167387,20.086444444444442,40.565555555555555,4.638333333333334
128,Summer,146.9807686443544,32.941944444444445,47.830555555555556,11.670555555555556
128,Whole Year,866.8503851598749,26.664722222222224,47.79277777777778,4.638333333333334
128,Winter,683.2729299612757,27.034111111111113,40.544444444444444,10.373888888888889
129,Autumn,611.1238608251981,32.59766666666667,46.943333333333335,17.84777777777778
129,Kharif,765.9842680488471,29.746555555555556,45.58166666666667,14.857777777777777
129,Rabi,47.67036241534407,18.91011111111111,39.27444444444445,3.8600000000000003
129,Summer,170.93579320485392,31.82597222222222,47.074444444444445,10.678333333333335
129,Whole Year,846.4110730393893,25.862314814814816,46.95611111111111,3.8600000000000003
129,Winter,639.130167748917,26.753555555555558,40.14944444444445,9.40388888888889
130,Autumn,681.1489262965817,32.14044444444445,46.720555555555556,16.63
130,Kharif,849.0312357121319,29.459777777777774,45.62166666666667,14.368333333333332
130,Rabi,56.503361483759896,17.97588888888889,38.019444444444446,3.2988888888888885
130,Summer,162.73060928016073,31.00069444444444,46.86,9.775555555555556
130,Whole Year,937.0775702516374,25.20583333333333,46.93666666666667,3.2988888888888885
130,Winter,733.8497911274985,26.34777777777778,41.181666666666665,8.980555555555556
131,Autumn,734.7242167446486,32.25222222222222,46.455000000000005,18.099444444444444
131,Kharif,912.478609568336,29.571222222222225,45.086666666666666,15.38888888888889
131,Rabi,38.97981243932413,18.979444444444443,39.269444444444446,4.225555555555555
131,Summer,209.8769953286758,31.515555555555554,46.57722222222222,10.835
131,Whole Year,986.0006649329292,25.75472222222222,46.53888888888889,4.225555555555555
131,Winter,756.9685706560396,26.703999999999997,39.82,10.04277777777778
132,Autumn,737.5366084661196,29.98466666666667,44.20666666666667,15.536666666666669
132,Kharif,879.7057601850894,27.747333333333334,42.99444444444444,14.729999999999999
132,Rabi,82.58356348535528,17.111222222222224,34.805,4.88
132,Summer,193.5565894010166,28.735555555555557,44.336666666666666,9.934444444444445
132,Whole Year,1000.2880515083671,23.729583333333334,44.36611111111111,4.88
132,Winter,747.607443181177,24.97888888888889,38.669999999999995,10.620555555555557
133,Autumn,579.3435045706315,32.81422222222222,47.351111111111116,16.834444444444443
133,Kharif,724.99377392329,30.203777777777777,46.245555555555555,14.58888888888889
133,Rabi,54.36143336472688,18.336555555555556,38.91388888888889,2.818888888888889
133,Summer,135.80178991518915,31.59722222222222,47.48444444444445,9.756111111111112
133,Whole Year,806.4954852926096,25.76259259259259,47.45444444444445,2.818888888888889
133,Winter,634.6711909891002,27.074666666666666,42.11888888888889,8.512777777777778
134,Autumn,441.9080614197171,32.50933333333333,47.39333333333333,16.162777777777777
134,Kharif,545.2682602537312,29.893333333333334,46.22944444444445,14.204444444444444
134,Rabi,48.567252892724895,17.81844444444444,38.32666666666667,2.323888888888889
134,Summer,82.11504201597913,31.18263888888889,47.49055555555555,9.295555555555556
134,Whole Year,612.4053293501061,25.35240740740741,47.47666666666666,2.323888888888889
134,Winter,493.6369924310042,26.715444444444444,42.004444444444445,8.107222222222223
135,Autumn,655.0378548582946,32.17022222222222,46.50666666666667,19.025
135,Kharif,838.2538743805553,29.063000000000002,45.43833333333333,15.319444444444445
135,Rabi,37.86327668852,20.041555555555554,40.33,5.033333333333333
135,Summer,146.5456233606846,32.13902777777778,46.64111111111111,11.94111111111111
135,Whole Year,898.8960252298663,26.114120370370372,46.56111111111111,5.033333333333333
135,Winter,725.1737785638068,26.303555555555555,38.638888888888886,10.602777777777778
136,Autumn,581.8481317769597,32.31966666666667,46.92666666666666,18.97611111111111
136,Kharif,773.2146028986683,29.063555555555556,45.92111111111112,14.947777777777778
136,Rabi,50.18548457572857,20.042333333333332,40.25333333333333,5.045555555555556
136,Summer,127.31442890785358,32.33708333333333,47.02666666666667,11.917222222222222
136,Whole Year,834.4572738352473,26.161064814814818,46.95722222222222,5.045555555555556
136,Winter,671.2491652871723,26.256666666666668,39.21722222222222,10.642777777777777
137,Autumn,707.8436967965076,32.04222222222222,45.93611111111111,18.521666666666665
137,Kharif,873.1327071852153,29.392555555555557,44.398888888888884,15.798333333333334
137,Rabi,35.009912496777595,19.35322222222222,39.583888888888886,4.4961111111111105
137,Summer,208.53285649432627,31.533333333333335,46.03333333333333,11.528333333333332
137,Whole Year,958.3834054752907,25.83615740740741,46.19722222222222,4.4961111111111105
137,Winter,722.8590294368289,26.65722222222222,38.69611111111111,10.529444444444444
138,Autumn,447.93664531223476,33.16655555555556,47.437222222222225,17.35111111111111
138,Kharif,570.5982201910681,30.64355555555555,46.437777777777775,15.395000000000001
138,Rabi,44.054454890286756,18.858444444444444,39.44222222222223,3.1444444444444444
138,Summer,98.09092578126325,32.013749999999995,47.56388888888889,10.199444444444445
138,Whole Year,637.0796862448462,26.225277777777777,47.54,3.1444444444444444
138,Winter,505.05480919943915,27.566,42.21222222222222,9.065555555555555
139,Autumn,358.087869707288,33.32066666666667,47.55777777777777,18.325000000000003
139,Kharif,452.94704192697446,30.50811111111111,46.52444444444445,15.742222222222223
139,Rabi,30.413946413193585,19.52988888888889,40.111111111111114,3.755555555555555
139,Summer,65.33882747190417,32.54138888888889,47.67333333333333,10.918888888888889
139,Whole Year,493.15607811724425,26.551018518518518,47.56,3.755555555555555
139,Winter,405.4387076261143,27.49366666666667,41.60666666666666,9.681111111111111
140,Autumn,626.0884557012469,32.696333333333335,47.125,18.43
140,Kharif,784.697689001138,29.732444444444443,45.86833333333333,15.093333333333334
140,Rabi,33.97351277164287,19.293999999999997,39.82222222222222,4.242777777777778
140,Summer,162.66515668667853,32.128055555555555,47.24944444444444,11.129444444444445
140,Whole Year,846.9863935328192,26.066435185185185,47.105555555555554,4.242777777777778
140,Winter,660.0519714175413,26.760888888888886,40.17277777777778,9.792777777777777
141,Autumn,478.47435952281506,32.895111111111106,47.20333333333333,17.503333333333334
141,Kharif,623.6757434218156,30.19066666666667,46.15166666666667,14.827777777777776
141,Rabi,40.98753455826253,18.709222222222223,39.29944444444445,3.251666666666667
141,Summer,112.26000383585966,31.87763888888889,47.346111111111114,10.19888888888889
141,Whole Year,683.7829185591803,25.961064814814815,47.413333333333334,3.251666666666667
141,Winter,539.481161394467,27.09477777777778,41.52611111111111,8.850555555555555
142,Autumn,416.4018017097066,33.10322222222223,47.517222222222216,18.674444444444443
142,Kharif,541.7186080667501,30.02733333333333,46.53055555555555,15.184444444444445
142,Rabi,29.61534756525523,19.59422222222222,40.208333333333336,4.065555555555556
142,Summer,89.3451356144829,32.61138888888889,47.65888888888889,11.19111111111111
142,Whole Year,577.6117010529464,26.406388888888888,47.64888888888889,4.065555555555556
142,Winter,463.3544240868133,27.022333333333332,40.580000000000005,9.72
143,Autumn,442.4370478358533,33.39077777777778,47.60388888888889,17.802777777777777
143,Kharif,564.1788664696118,30.801333333333332,46.66,15.622777777777777
143,Rabi,40.65986415191932,19.306444444444445,39.87,3.2594444444444446
143,Summer,84.1687630765416,32.39458333333333,47.72222222222222,10.56388888888889
143,Whole Year,622.5021936886565,26.543518518518518,47.71222222222222,3.2594444444444446
143,Winter,505.37626695122424,27.757777777777775,42.121111111111105,9.467222222222222
144,Autumn,327.10095620093244,32.78566666666667,47.43888888888889,16.047222222222224
144,Kharif,398.53828383961485,30.38988888888889,46.333333333333336,14.587222222222222
144,Rabi,38.89745279184232,17.991,38.47555555555555,2.4716666666666667
144,Summer,56.108576576121976,31.233194444444443,47.50333333333334,9.484444444444444
144,Whole Year,450.4822148435439,25.63226851851852,47.455555555555556,2.4716666666666667
144,Winter,364.87262020922367,27.291222222222224,42.787777777777784,8.613888888888889
145,Autumn,437.39654503095846,32.39666666666667,47.35277777777778,15.729444444444445
145,Kharif,521.6131704238093,29.941111111111113,46.215555555555554,14.068888888888889
145,Rabi,59.372392133936096,17.628666666666664,37.94388888888889,2.2150000000000003
145,Summer,104.82244611076183,30.862222222222222,47.41722222222222,9.334444444444445
145,Whole Year,606.2425125370975,25.23550925925926,47.47,2.2150000000000003
145,Winter,458.8970555185719,26.81688888888889,42.24111111111111,8.26388888888889
146,Autumn,551.8620152641088,32.559222222222225,46.638333333333335,19.24111111111111
146,Kharif,706.1027927136531,29.648111111111113,45.2,15.96722222222222
146,Rabi,27.61292851012614,20.00922222222222,40.42277777777778,5.015
146,Summer,145.39512243584073,32.28527777777778,46.79,11.980555555555556
146,Whole Year,758.0731354330287,26.354814814814816,46.78111111111111,5.015
146,Winter,597.5061066285879,26.872333333333334,38.83611111111111,10.787777777777778
147,Autumn,694.0376954774061,32.47366666666667,46.52166666666667,18.091666666666665
147,Kharif,842.5833174211698,29.71944444444445,45.24333333333333,15.254444444444443
147,Rabi,41.726618095818495,18.990666666666666,39.06388888888889,4.157777777777778
147,Summer,195.32702612007657,31.686666666666667,46.64388888888889,10.841666666666667
147,Whole Year,917.6699473065221,25.853425925925926,46.54055555555556,4.157777777777778
147,Winter,700.1147102798438,26.79266666666667,39.91222222222222,9.786111111111111
148,Autumn,698.4268532014555,32.311,46.492777777777775,18.41
148,Kharif,865.0568500719965,29.566333333333336,45.02777777777778,15.556666666666665
148,Rabi,25.514629671971004,19.339000000000002,39.753888888888895,4.392777777777777
148,Summer,202.8897185191098,31.784444444444446,46.605,11.284444444444444
148,Whole Year,930.9084938164386,25.947407407407407,46.608333333333334,4.392777777777777
148,Winter,708.2245419623537,26.734333333333336,39.31777777777778,10.185
149,Autumn,517.9504397318319,33.3,47.65555555555555,18.767777777777777
149,Kharif,661.5146573756672,30.293333333333333,46.65111111111111,15.591111111111111
149,Rabi,44.12745450782003,19.881,40.48,4.252777777777777
149,Summer,121.63527787118045,32.791111111111114,47.78944444444445,11.345
149,Whole Year,720.5928140087167,26.664953703703706,47.715,4.252777777777777
149,Winter,566.438530559893,27.334,41.04277777777778,10.002777777777778
150,Autumn,552.836881523124,32.626000000000005,46.919999999999995,17.406111111111112
150,Kharif,703.6123267610868,29.827888888888893,45.821666666666665,14.466111111111111
150,Rabi,48.728691613301635,18.502555555555556,38.91388888888889,3.1855555555555553
150,Summer,137.4071366083291,31.680555555555557,47.07222222222222,10.085
150,Whole Year,778.4059599493113,25.70111111111111,47.125,3.1855555555555553
150,Winter,602.9253634100573,26.732,40.867777777777775,8.745
151,Autumn,432.2543422457659,33.32944444444445,47.742222222222225,18.728333333333335
151,Kharif,578.6846352513465,30.34588888888889,46.76611111111111,15.625
151,Rabi,40.27547762998276,19.958666666666666,40.47944444444445,4.295
151,Summer,85.03586099938386,32.82152777777778,47.83888888888889,11.370555555555557
151,Whole Year,629.1080065855963,26.720231481481484,47.76444444444444,4.295
151,Winter,510.6415255514698,27.39888888888889,41.21055555555555,10.145
152,Autumn,565.534127642343,32.73555555555556,47.18277777777777,18.822777777777777
152,Kharif,737.5153102479691,29.71933333333333,45.91888888888889,15.314444444444446
152,Rabi,35.17802133493953,19.619222222222223,40.28777777777778,4.348888888888889
152,Summer,133.41051915720288,32.36208333333334,47.32722222222222,11.287222222222221
152,Whole Year,796.5585035207555,26.235046296296293,47.21944444444445,4.348888888888889
152,Winter,640.4432373814468,26.779333333333334,40.0,10.01611111111111
153,Autumn,580.1550327484254,32.777,47.23388888888889,18.621111111111112
153,Kharif,720.3958238714408,29.71277777777778,46.218333333333334,15.60277777777778
153,Rabi,42.17696458232347,20.116444444444443,40.226111111111116,4.806111111111111
153,Summer,120.66247250015537,32.539027777777775,47.30277777777778,11.453888888888889
153,Whole Year,774.5471817397822,26.485601851851854,47.35277777777778,4.806111111111111
153,Winter,624.0898019486555,26.91477777777778,40.257777777777775,10.865
154,Autumn,625.6851531909433,32.102333333333334,47.236111111111114,15.962777777777777
154,Kharif,781.3759608294953,29.482000000000003,45.97222222222222,14.064444444444444
154,Rabi,69.08365921324325,17.488555555555553,37.620555555555555,2.2022222222222223
154,Summer,144.40527410998388,30.768611111111113,47.336666666666666,9.09611111111111
154,Whole Year,878.5455851211315,24.975231481481483,47.33444444444444,2.2022222222222223
154,Winter,686.8574653220949,26.309222222222225,41.49333333333333,7.88611111111111
155,Autumn,400.8705088533461,32.95511111111111,47.196666666666665,17.985
155,Kharif,528.1591572928484,30.146333333333335,46.07555555555555,15.200555555555557
155,Rabi,35.024024655145624,19.063666666666666,39.605555555555554,3.6133333333333337
155,Summer,91.27168995845649,32.10486111111111,47.35666666666666,10.650555555555556
155,Whole Year,576.7629602438321,26.13439814814815,47.321666666666665,3.6133333333333337
155,Winter,459.6242859952703,27.106333333333332,41.095555555555556,9.257222222222222
156,Autumn,396.0738145468963,33.147444444444446,47.40222222222222,18.361666666666665
156,Kharif,534.8778584447723,30.295555555555552,46.28388888888889,15.544444444444444
156,Rabi,40.90020669955346,19.435111111111112,39.98333333333333,3.811111111111111
156,Summer,87.91126783302536,32.41569444444444,47.562222222222225,10.941666666666666
156,Whole Year,585.3221442703572,26.407870370370368,47.443333333333335,3.811111111111111
156,Winter,469.4023417844264,27.29611111111111,41.19611111111111,9.583888888888888
157,Autumn,397.0849957838654,33.147444444444446,47.40222222222222,18.361666666666665
157,Kharif,533.8349027415668,30.295555555555552,46.28388888888889,15.544444444444444
157,Rabi,41.722583720253574,19.435111111111112,39.98333333333333,3.811111111111111
157,Summer,96.86776952990503,32.41569444444444,47.562222222222225,10.941666666666666
157,Whole Year,586.4709119004783,26.407870370370368,47.443333333333335,3.811111111111111
157,Winter,460.71916139236197,27.29611111111111,41.19611111111111,9.583888888888888
158,Autumn,599.4543417100277,33.129555555555555,47.596111111111114,19.033333333333335
158,Kharif,790.6354391389974,29.99266666666667,46.599999999999994,15.34222222222222
158,Rabi,51.72129209022278,20.144333333333336,40.60888888888889,4.739444444444445
158,Summer,134.15942286506845,32.88708333333333,47.736666666666665,11.750555555555556
158,Whole Year,857.1856085744997,26.668101851851855,47.70777777777778,4.739444444444445
158,Winter,685.9508219688992,27.048333333333332,40.425,10.586666666666666
159,Autumn,813.9088026820509,32.221222222222224,46.60888888888889,17.25722222222222
159,Kharif,1012.2596297486236,29.602666666666664,45.40611111111111,14.837222222222222
159,Rabi,65.87311089549351,18.418555555555557,38.39666666666667,3.7222222222222223
159,Summer,235.7325676816895,31.16416666666667,46.77,10.253333333333334
159,Whole Year,1124.2014890536666,25.47912037037037,46.711666666666666,3.7222222222222223
159,Winter,845.9559205730479,26.61488888888889,40.33666666666667,9.536666666666667
160,Autumn,691.3267168717252,31.71833333333333,45.45388888888888,18.40277777777778
160,Kharif,811.88819419158,29.25688888888889,43.98166666666666,16.18111111111111
160,Rabi,22.89303177367482,19.055777777777777,38.92166666666667,4.270555555555556
160,Summer,208.32923880757556,31.017083333333332,45.505,11.377777777777778
160,Whole Year,889.8535835453206,25.56310185185185,45.74944444444444,4.270555555555556
160,Winter,659.8863464550426,26.583666666666666,38.503888888888895,10.590555555555556
161,Autumn,677.1197755662379,31.235444444444447,45.843333333333334,18.425555555555555
161,Kharif,818.3090272223645,27.890777777777778,44.495555555555555,14.586666666666666
161,Rabi,45.30671144773562,19.85111111111111,39.519444444444446,5.191666666666666
161,Summer,152.0959985819128,31.575833333333335,45.94388888888889,11.454444444444444
161,Whole Year,871.7690533745205,25.490648148148146,45.95666666666667,5.191666666666666
161,Winter,687.7439232312004,25.302555555555557,37.465,10.781666666666666
162,Autumn,621.5935268651488,32.77777777777778,47.153333333333336,17.915000000000003
162,Kharif,792.4268999240464,29.895222222222223,45.99,14.907222222222222
162,Rabi,52.79828553119054,18.95988888888889,39.41388888888889,3.736666666666667
162,Summer,167.20408712720706,31.99277777777778,47.29888888888889,10.680555555555555
162,Whole Year,881.8191927636249,25.973009259259257,47.23444444444445,3.736666666666667
162,Winter,673.9567838596801,26.862333333333332,40.585,9.274999999999999
163,Autumn,392.37075088297325,33.20155555555556,47.605,17.081666666666663
163,Kharif,487.93270354386834,30.679555555555552,46.54055555555556,15.470555555555556
163,Rabi,36.87031265834553,18.813555555555556,39.38166666666667,2.8744444444444444
163,Summer,74.44083928399616,32.036944444444444,47.717777777777776,10.017777777777777
163,Whole Year,545.1817993975969,26.227175925925927,47.62388888888889,2.8744444444444444
163,Winter,443.1685967998993,27.598888888888887,42.28722222222222,9.068888888888889
164,Autumn,861.0849135611895,31.71833333333333,45.45388888888888,18.40277777777778
164,Kharif,1040.6612219829801,29.25688888888889,43.98166666666666,16.18111111111111
164,Rabi,32.174224442491926,19.055777777777777,38.92166666666667,4.270555555555556
164,Summer,244.80767868693778,31.017083333333332,45.505,11.377777777777778
164,Whole Year,1133.2727435759648,25.56310185185185,45.74944444444444,4.270555555555556
164,Winter,864.6545595496341,26.583666666666666,38.503888888888895,10.590555555555556
165,Autumn,614.6184743164728,33.13133333333334,47.62444444444444,18.979444444444443
165,Kharif,788.014447144888,29.93,46.638333333333335,15.292777777777777
165,Rabi,48.57823681838258,20.010666666666665,40.52333333333333,4.533333333333333
165,Summer,132.0827394073346,32.86,47.75055555555556,11.554444444444444
165,Whole Year,850.28475287805,26.595787037037034,47.66222222222222,4.533333333333333
165,Winter,682.3287394670424,26.993777777777776,40.47388888888889,10.344444444444443
166,Autumn,414.95092073993544,33.159333333333336,47.35666666666666,17.973333333333333
166,Kharif,542.7281844865669,30.44977777777778,46.242222222222225,15.427222222222222
166,Rabi,33.2462314925398,19.19511111111111,39.806666666666665,3.448888888888889
166,Summer,83.65970985963939,32.244305555555556,47.51222222222222,10.590555555555556
166,Whole Year,588.9006422658072,26.331435185185185,47.44,3.448888888888889
166,Winter,479.6370116721976,27.408,41.653333333333336,9.381666666666668
167,Autumn,421.3747512569858,33.42688888888889,47.605,16.988333333333333
167,Kharif,507.23232611724075,31.095000000000002,46.455000000000005,15.78111111111111
167,Rabi,35.187938234251405,18.857333333333333,39.37444444444444,2.8961111111111113
167,Summer,81.08235709658928,32.07041666666666,47.687777777777775,10.223888888888888
167,Whole Year,564.4971113459518,26.41962962962963,47.605555555555554,2.8961111111111113
167,Winter,458.3662429600954,28.036777777777775,43.02444444444444,9.62
168,Autumn,616.3877421531045,32.244,46.333888888888886,18.701666666666668
168,Kharif,774.3494515972741,29.402111111111115,44.81944444444444,15.672222222222224
168,Rabi,28.180599805243585,19.522666666666666,40.07277777777777,4.373888888888889
168,Summer,171.76587249706554,31.89652777777778,46.467777777777776,11.322222222222223
168,Whole Year,830.5025349984658,25.981435185185184,46.52722222222222,4.373888888888889
168,Winter,642.6566744175866,26.605555555555558,38.565,10.107777777777777
169,Autumn,542.0069364166737,32.39666666666667,47.35277777777778,15.729444444444445
169,Kharif,656.6866592908347,29.941111111111113,46.215555555555554,14.068888888888889
169,Rabi,74.89777179490085,17.628666666666664,37.94388888888889,2.2150000000000003
169,Summer,139.66324277373926,30.862222222222222,47.41722222222222,9.334444444444445
169,Whole Year,761.8893981325314,25.23550925925926,47.47,2.2150000000000003
169,Winter,569.9357428634884,26.81688888888889,42.24111111111111,8.26388888888889
170,Autumn,653.0599675255103,32.528777777777776,46.949444444444445,19.239444444444445
170,Kharif,848.5537291723821,29.37433333333333,45.900555555555556,15.381666666666668
170,Rabi,49.897118733471466,20.25766666666667,40.471666666666664,5.136111111111111
170,Summer,135.91663456480535,32.495555555555555,47.07611111111111,12.07388888888889
170,Whole Year,915.1372229366874,26.396435185185183,46.94833333333334,5.136111111111111
170,Winter,742.0904718488455,26.569222222222223,39.367222222222225,10.902777777777779
171,Autumn,632.9153275818875,31.986555555555558,46.720555555555556,16.226666666666667
171,Kharif,797.8299112653153,29.514333333333337,45.607777777777784,14.902222222222223
171,Rabi,67.7896141572338,17.90522222222222,37.437222222222225,3.338888888888889
171,Summer,141.66546648192323,30.68041666666667,46.84,9.405555555555555
171,Whole Year,893.3561464445665,25.13875,46.91111111111111,3.338888888888889
171,Winter,703.236631845331,26.484333333333336,41.42333333333333,9.253333333333334
172,Autumn,591.9107682947758,31.960888888888892,47.29,15.812222222222223
172,Kharif,737.3228749534874,29.453,45.92666666666666,13.893333333333334
172,Rabi,87.40772096495385,17.38377777777778,37.37166666666667,2.6727777777777777
172,Summer,173.44913906638544,30.510555555555552,47.36055555555556,9.57611111111111
172,Whole Year,861.8592619931808,24.871435185185184,47.32666666666667,2.6727777777777777
172,Winter,629.7154276250275,26.32311111111111,41.650000000000006,8.306111111111111
173,Autumn,862.4084209192681,31.819777777777777,46.303333333333335,16.869444444444444
173,Kharif,1064.9082625424144,29.205333333333336,45.10277777777778,15.08111111111111
173,Rabi,66.02098270995472,18.14211111111111,37.64666666666667,3.606666666666667
173,Summer,232.26795508367593,30.800555555555555,46.455000000000005,9.907777777777778
173,Whole Year,1172.012539744446,25.136527777777776,46.44777777777777,3.606666666666667
173,Winter,902.0181556408879,26.223666666666666,40.17388888888889,9.613888888888889
174,Autumn,572.4782920512429,32.861666666666665,47.34,18.825555555555557
174,Kharif,749.1808369853246,29.809555555555555,46.19277777777778,15.075555555555557
174,Rabi,43.960825737979675,19.554666666666666,40.27722222222222,4.192222222222222
174,Summer,122.78160329411428,32.44097222222222,47.485,11.179444444444444
174,Whole Year,807.5817498203688,26.265555555555554,47.39,4.192222222222222
174,Winter,653.0112329376057,26.826666666666668,40.22388888888889,9.846666666666668
175,Autumn,451.5258741376945,32.77022222222222,47.22555555555555,18.308333333333334
175,Kharif,581.4975299240538,29.780333333333335,45.93833333333333,15.049999999999999
175,Rabi,30.450823585054383,19.287222222222223,39.85166666666667,4.098333333333333
175,Summer,99.44666134069364,32.199305555555554,47.34777777777778,10.994444444444445
175,Whole Year,624.2747602233732,26.096851851851852,47.248333333333335,4.098333333333333
175,Winter,499.0084571339373,26.785666666666668,40.330555555555556,9.65388888888889
176,Autumn,813.1847932119337,31.11733333333333,45.519444444444446,16.507777777777775
176,Kharif,1010.7144637494865,28.651555555555554,44.40888888888889,15.407222222222222
176,Rabi,75.96435849706607,17.962666666666664,36.593333333333334,4.965
176,Summer,194.4190619981813,30.07222222222222,45.66,10.39
176,Whole Year,1125.3899974538772,24.694351851851852,45.74,4.965
176,Winter,876.2076425942834,25.775,39.965,10.616111111111111
177,Autumn,872.6964140469094,31.320666666666668,46.782222222222224,15.688333333333333
177,Kharif,1014.6947743637878,28.846666666666668,45.26222222222222,13.818888888888889
177,Rabi,123.44374976992422,17.217444444444443,36.29277777777778,3.2405555555555554
177,Summer,243.08094861330812,29.946527777777778,46.86333333333333,9.574444444444445
177,Whole Year,1194.380143361649,24.450694444444444,46.782222222222224,3.2405555555555554
177,Winter,861.0393184003547,25.799333333333337,40.67333333333333,9.101666666666667
178,Autumn,874.9518092798505,32.031,45.952777777777776,18.297222222222224
178,Kharif,1083.4691454941108,29.50611111111111,44.449444444444445,15.887222222222224
178,Rabi,33.527487130030806,19.054111111111112,39.16555555555556,4.395555555555556
178,Summer,241.2019454272073,31.29291666666667,46.050555555555555,11.165555555555555
178,Whole Year,1164.149878879848,25.71365740740741,46.17388888888889,4.395555555555556
178,Winter,898.4325573200613,26.742333333333335,39.364999999999995,10.508888888888889
179,Autumn,609.8026293379565,32.92588888888889,47.333888888888886,19.11388888888889
179,Kharif,789.0469125761754,29.857000000000003,46.26444444444444,15.415555555555557
179,Rabi,45.19499729759991,20.12533333333333,40.858333333333334,4.687222222222222
179,Summer,141.93065150330463,32.70555555555555,47.486666666666665,11.635555555555555
179,Whole Year,857.8117746392059,26.5675,47.35277777777778,4.687222222222222
179,Winter,685.4728408971181,26.965666666666667,40.007222222222225,10.542222222222222
180,Autumn,637.5075317410132,32.294666666666664,46.62722222222222,17.191666666666666
180,Kharif,794.7221523748917,29.534,45.534444444444446,14.31722222222222
180,Rabi,54.85021120427107,18.182222222222222,38.39333333333334,3.487222222222222
180,Summer,174.18612910117264,31.276666666666667,46.781666666666666,10.158333333333333
180,Whole Year,883.0246656434265,25.375185185185185,46.84833333333333,3.487222222222222
180,Winter,669.278519095094,26.43411111111111,40.629444444444445,8.916666666666666
181,Autumn,787.709965645899,32.23977777777778,46.175,17.903333333333332
181,Kharif,939.7129951235321,29.72277777777778,44.846111111111114,15.81611111111111
181,Rabi,46.63497343332863,18.936999999999998,38.693333333333335,4.254444444444444
181,Summer,226.2382611234983,31.278750000000002,46.29888888888889,10.624444444444444
181,Whole Year,1030.7577487166373,25.75828703703704,46.20388888888888,4.254444444444444
181,Winter,777.2943858954089,26.903666666666666,39.79666666666667,10.460555555555555
182,Autumn,795.1912237012551,31.246555555555556,44.67055555555556,19.087777777777777
182,Kharif,964.2543179625989,28.996,43.255,16.77277777777778
182,Rabi,27.39239302036111,19.311444444444444,38.166111111111114,6.351666666666667
182,Summer,202.51622496579807,30.493750000000002,44.72888888888889,12.363888888888889
182,Whole Year,1037.48196570113,25.453009259259257,44.955555555555556,6.351666666666667
182,Winter,814.1494186723398,26.49277777777778,38.52666666666667,11.785555555555554
183,Autumn,744.2843923245866,32.51277777777778,46.78666666666666,17.390555555555558
183,Kharif,946.5564319279596,29.767000000000003,45.54666666666667,14.591111111111111
183,Rabi,46.69764762282095,18.587222222222223,38.695,3.4766666666666666
183,Summer,196.14116277662964,31.554027777777776,46.949444444444445,10.227222222222222
183,Whole Year,1022.3043524225553,25.68925925925926,46.87611111111111,3.4766666666666666
183,Winter,792.8320269787478,26.74411111111111,40.39611111111111,9.095
184,Autumn,654.0087244374057,31.739555555555555,46.13777777777778,19.11388888888889
184,Kharif,836.4483522352659,28.57466666666667,44.87722222222222,15.428333333333333
184,Rabi,46.53179519882219,20.076444444444444,39.660555555555554,5.660555555555556
184,Summer,136.3026281610752,31.82638888888889,46.23166666666666,12.246111111111112
184,Whole Year,901.2352055463319,25.881620370370367,46.13166666666667,5.660555555555556
184,Winter,730.4795047361404,25.906666666666666,37.94888888888889,11.055
185,Autumn,595.8217190272738,32.522111111111116,46.89944444444444,18.426111111111112
185,Kharif,756.5004472948243,29.61444444444444,45.57944444444444,15.209444444444443
185,Rabi,35.779051230369525,19.325444444444443,39.845,4.3661111111111115
185,Summer,142.74901715123357,32.011944444444445,47.025555555555556,11.13888888888889
185,Whole Year,816.1784270893276,26.004583333333333,46.968888888888884,4.3661111111111115
185,Winter,646.6531671970438,26.695555555555554,39.86833333333333,9.943888888888889
186,Autumn,491.681730993299,32.95755555555556,47.28611111111111,18.33888888888889
186,Kharif,651.2710724148071,30.045222222222222,46.221111111111114,15.396666666666667
186,Rabi,41.47161505971518,19.368333333333332,39.78833333333333,3.9394444444444443
186,Summer,116.62482611710827,32.29666666666667,47.41944444444445,10.939444444444444
186,Whole Year,711.6572331283242,26.258055555555554,47.39166666666667,3.9394444444444443
186,Winter,558.4221123624593,27.06211111111111,40.675555555555555,9.630555555555555
187,Autumn,608.3565945589087,32.81155555555555,47.12,19.146666666666665
187,Kharif,787.6159237992639,29.836333333333332,45.94166666666667,15.79611111111111
187,Rabi,40.34371170877583,20.210333333333335,40.791666666666664,4.965
187,Summer,140.6479600497211,32.58236111111111,47.27777777777778,11.847777777777777
187,Whole Year,849.8675102966113,26.56685185185185,47.220555555555556,4.965
187,Winter,681.4463081218096,27.015555555555558,39.62,10.724444444444444
188,Autumn,1327.1085837428216,28.84877777777778,40.757777777777775,18.61888888888889
188,Kharif,1496.3369733437344,27.175333333333334,39.150555555555556,17.041666666666668
188,Rabi,32.952242179256345,19.464444444444446,37.10166666666667,7.173333333333334
188,Summer,492.6819017140402,28.36875,40.653888888888886,13.26
188,Whole Year,1719.6534394370046,24.345555555555553,40.839444444444446,7.173333333333334
188,Winter,1203.992056655318,25.31244444444444,34.09722222222222,12.909444444444444
189,Autumn,705.2707991496557,32.23444444444445,46.416111111111114,19.54888888888889
189,Kharif,883.5381792262197,29.23144444444445,44.84833333333333,15.761111111111111
189,Rabi,35.639102255925536,20.14311111111111,40.27722222222222,5.474444444444445
189,Summer,191.84647377104395,32.12555555555556,46.57277777777778,12.489444444444445
189,Whole Year,954.8752197865397,26.224027777777778,46.62555555555556,5.474444444444445
189,Winter,741.1918278858066,26.537666666666667,37.812222222222225,10.975555555555555
190,Autumn,822.3336650344232,30.942222222222224,44.787777777777784,19.421666666666667
190,Kharif,1093.5491148978472,28.474333333333334,42.577777777777776,16.14611111111111
190,Rabi,37.7452261056751,20.123444444444445,39.73777777777778,5.351666666666667
190,Summer,285.2886514154573,30.866249999999997,44.83833333333334,12.980555555555556
190,Whole Year,1232.067567563926,25.65222222222222,45.02666666666667,5.351666666666667
190,Winter,935.5463689389742,26.203444444444443,35.708888888888886,11.126666666666667
191,Autumn,791.0504235898454,31.666333333333334,45.09,19.256666666666668
191,Kharif,988.9492065602982,29.137777777777778,43.611666666666665,16.315555555555555
191,Rabi,30.97238153564157,20.019,39.653888888888886,5.065
191,Summer,251.85655888825374,31.399722222222223,45.17444444444445,12.348888888888888
191,Whole Year,1109.381952178009,25.98087962962963,45.425555555555555,5.065
191,Winter,839.6969197425577,26.686555555555557,36.82944444444445,11.125555555555556
192,Autumn,1086.5894972111478,31.296111111111113,44.785,19.06
192,Kharif,1339.5034816441712,28.913666666666668,42.96222222222222,16.33888888888889
192,Rabi,33.4934438922339,20.138222222222222,39.82222222222222,5.118333333333333
192,Summer,419.71963216391975,31.03736111111111,44.76166666666667,12.467222222222222
192,Whole Year,1535.366102522791,25.862777777777776,45.10888888888889,5.118333333333333
192,Winter,1092.583547508413,26.593444444444444,36.465555555555554,11.305
193,Autumn,749.6729771805306,32.27177777777778,46.33444444444444,19.137777777777778
193,Kharif,911.3756149901698,29.385333333333335,44.73555555555556,15.784444444444444
193,Rabi,43.41123163479345,19.726666666666667,40.19833333333333,4.751111111111111
193,Summer,201.52230472842024,31.979444444444443,46.47222222222222,11.832777777777778
193,Whole Year,1003.7345563345071,26.08148148148148,46.56111111111111,4.751111111111111
193,Winter,766.1836166590176,26.627111111111113,38.18611111111111,10.527777777777779
194,Autumn,673.5814227412144,32.27177777777778,46.33444444444444,19.137777777777778
194,Kharif,842.6197624421782,29.385333333333335,44.73555555555556,15.784444444444444
194,Rabi,40.28681451316785,19.726666666666667,40.19833333333333,4.751111111111111
194,Summer,177.93650389573088,31.979444444444443,46.47222222222222,11.832777777777778
194,Whole Year,919.1964391543081,26.08148148148148,46.56111111111111,4.751111111111111
194,Winter,714.4537767163581,26.627111111111113,38.18611111111111,10.527777777777779
195,Autumn,830.255172142138,31.48,44.93666666666667,18.965
195,Kharif,962.1224951962078,29.142999999999997,43.41722222222222,16.46055555555556
195,Rabi,23.991137849649895,19.905444444444445,39.64722222222222,5.205
195,Summer,274.81184478559425,31.04847222222222,44.95,12.3
195,Whole Year,1087.7217602070282,25.856342592592593,45.294999999999995,5.205
195,Winter,789.2897441182286,26.736555555555555,37.21111111111111,11.396666666666668
196,Autumn,700.6262035789313,30.98766666666667,45.31944444444444,18.851666666666667
196,Kharif,896.3670223115219,28.12388888888889,43.54777777777778,15.18222222222222
196,Rabi,39.334165878317975,19.552444444444447,39.083888888888886,5.069444444444445
196,Summer,212.4494882001093,30.92694444444444,45.449444444444445,12.152222222222223
196,Whole Year,986.3372818504771,25.32037037037037,45.435,5.069444444444445
196,Winter,750.946362302535,25.59722222222222,36.07,10.413333333333334
197,Autumn,813.421674935975,31.786666666666665,45.46055555555555,18.595
197,Kharif,948.380951228655,29.233777777777775,44.01777777777777,15.960555555555556
197,Rabi,47.72077073167182,19.378888888888888,39.449444444444445,4.628333333333334
197,Summer,231.26834659154216,31.264583333333334,45.53722222222222,11.572777777777778
197,Whole Year,1066.7256642252,25.730833333333337,45.80388888888889,4.628333333333334
197,Winter,799.3480991707701,26.588555555555555,38.038333333333334,10.79
198,Autumn,822.5457414830172,31.265,45.044999999999995,19.32
198,Kharif,1091.0768350357257,28.59777777777778,43.41444444444445,15.934444444444445
198,Rabi,41.19637640344875,19.844222222222225,39.25277777777777,5.277777777777778
198,Summer,259.46850342731227,31.152638888888887,45.16222222222222,12.633333333333333
198,Whole Year,1213.7064051625352,25.654212962962962,45.25666666666667,5.277777777777778
198,Winter,935.9243224853718,26.144,36.18,10.867222222222223
199,Autumn,711.6510297319403,32.08777777777778,46.20444444444444,19.22222222222222
199,Kharif,897.9039700229962,29.210111111111114,44.645,15.66111111111111
199,Rabi,27.75954944129895,19.87088888888889,39.91,5.083333333333333
199,Summer,181.0695559205832,31.845694444444444,46.34722222222222,12.134444444444444
199,Whole Year,969.201000847888,26.050833333333333,46.39333333333334,5.083333333333333
199,Winter,766.6844207989396,26.51188888888889,37.74777777777778,10.634444444444444
200,Autumn,701.4872981205721,32.07044444444445,46.291666666666664,19.25888888888889
200,Kharif,894.8717702668573,29.02722222222222,44.88944444444444,15.563888888888888
200,Rabi,37.82268301163006,20.108999999999998,40.147777777777776,5.4494444444444445
200,Summer,168.2937736024873,32.03583333333333,46.44555555555556,12.376666666666667
200,Whole Year,960.7559609743593,26.108055555555556,46.43611111111111,5.4494444444444445
200,Winter,764.9963520113379,26.34188888888889,38.01,10.917222222222222
201,Autumn,1101.9595984816551,30.675444444444445,43.865,18.84222222222222
201,Kharif,1338.139963613202,28.528888888888886,41.44722222222222,16.485
201,Rabi,33.237940310604046,19.945222222222224,39.24333333333333,5.319444444444445
201,Summer,451.1702635538661,30.341388888888886,43.85388888888889,12.595555555555556
201,Whole Year,1558.4202099165154,25.4975,44.080555555555556,5.319444444444445
201,Winter,1088.010206559466,26.349555555555554,35.528333333333336,11.471666666666668
202,Autumn,934.6352835409343,31.296111111111113,44.785,19.06
202,Kharif,1137.9072963711287,28.913666666666668,42.96222222222222,16.33888888888889
202,Rabi,32.23791451234784,20.138222222222222,39.82222222222222,5.118333333333333
202,Summer,333.9498733596669,31.03736111111111,44.76166666666667,12.467222222222222
202,Whole Year,1301.2312833765452,25.862777777777776,45.10888888888889,5.118333333333333
202,Winter,948.2746351803479,26.593444444444444,36.465555555555554,11.305
203,Autumn,1816.0176076006003,28.485555555555557,40.23777777777778,18.245
203,Kharif,2047.4189198436559,26.92177777777778,37.86944444444444,17.445
203,Rabi,43.19235221724267,19.434,36.96722222222222,7.129444444444445
203,Summer,703.2584792488702,27.96527777777778,40.16222222222222,13.407222222222224
203,Whole Year,2354.2172777825203,24.15782407407407,40.199444444444445,7.129444444444445
203,Winter,1623.8213741525456,25.142666666666667,33.36944444444444,12.967777777777776
204,Autumn,766.9858748184311,31.265,45.044999999999995,19.32
204,Kharif,997.5360642406675,28.59777777777778,43.41444444444445,15.934444444444445
204,Rabi,30.005219902636277,19.844222222222225,39.25277777777777,5.277777777777778
204,Summer,224.24549437148704,31.152638888888887,45.16222222222222,12.633333333333333
204,Whole Year,1100.8546926041859,25.654212962962962,45.25666666666667,5.277777777777778
204,Winter,860.0298702158034,26.144,36.18,10.867222222222223
205,Autumn,1018.8227014331904,31.000444444444447,44.12,18.864444444444445
205,Kharif,1236.3256034928338,28.81422222222222,42.483333333333334,16.461666666666666
205,Rabi,28.90241825139081,19.915,39.39388888888889,5.386666666666667
205,Summer,358.9983769726974,30.575000000000003,44.06722222222223,12.401111111111112
205,Whole Year,1400.168644565123,25.629907407407405,44.41777777777778,5.386666666666667
205,Winter,1016.6977410175043,26.52477777777778,36.40166666666667,11.35888888888889
206,Autumn,949.1511351652443,30.90188888888889,43.63055555555556,19.09111111111111
206,Kharif,1061.2834590943874,28.856444444444442,42.25333333333333,17.044444444444444
206,Rabi,22.906558327445826,19.832555555555555,38.54944444444445,6.448888888888889
206,Summer,330.8821008166781,30.296805555555554,43.55222222222222,12.872222222222222
206,Whole Year,1219.4813777591205,25.558935185185184,44.00611111111111,6.448888888888889
206,Winter,865.9164303855073,26.60511111111111,36.99722222222223,12.543333333333333
207,Autumn,844.4204772853373,31.265,45.044999999999995,19.32
207,Kharif,1052.3331097478485,28.59777777777778,43.41444444444445,15.934444444444445
207,Rabi,35.11616034713792,19.844222222222225,39.25277777777777,5.277777777777778
207,Summer,295.22186870233696,31.152638888888887,45.16222222222222,12.633333333333333
207,Whole Year,1199.4599947019676,25.654212962962962,45.25666666666667,5.277777777777778
207,Winter,887.4254462271008,26.144,36.18,10.867222222222223
208,Autumn,839.4548245765683,31.79111111111111,45.41166666666666,18.855
208,Kharif,990.14408277803,29.27588888888889,43.94166666666667,16.314444444444447
208,Rabi,28.971003872031968,19.738333333333333,39.80277777777778,4.946666666666667
208,Summer,269.6514646270209,31.36069444444444,45.47277777777778,11.879444444444445
208,Whole Year,1111.648245319724,25.912453703703704,45.76277777777778,4.946666666666667
208,Winter,810.7684459880822,26.730555555555558,37.60388888888889,11.053888888888888
209,Autumn,721.2802682469288,31.714111111111112,45.63944444444444,18.897222222222222
209,Kharif,900.1658509947634,28.98177777777778,44.115,15.732222222222223
209,Rabi,39.086235278182556,19.640777777777778,39.20111111111111,4.988888888888889
209,Summer,198.56386937670132,31.41027777777778,45.760555555555555,12.091111111111111
209,Whole Year,992.2315782932219,25.780231481481483,45.79888888888889,4.988888888888889
209,Winter,763.6234243694279,26.351,37.25,10.567222222222222
210,Autumn,681.5651355703119,31.714111111111112,45.63944444444444,18.897222222222222
210,Kharif,864.8314938467961,28.98177777777778,44.115,15.732222222222223
210,Rabi,33.53666666198384,19.640777777777778,39.20111111111111,4.988888888888889
210,Summer,187.85701065206968,31.41027777777778,45.760555555555555,12.091111111111111
210,Whole Year,947.6795262508783,25.780231481481483,45.79888888888889,4.988888888888889
210,Winter,736.9831089211834,26.351,37.25,10.567222222222222
211,Autumn,1076.9941294610867,31.401666666666667,44.74055555555556,18.732777777777777
211,Kharif,1211.937855557527,29.086888888888886,43.324444444444445,16.712222222222223
211,Rabi,39.55362397910636,19.300333333333334,38.645,4.871666666666666
211,Summer,340.0398268327117,30.71194444444445,44.76111111111111,11.722777777777777
211,Whole Year,1376.1167152639891,25.534814814814816,45.117777777777775,4.871666666666666
211,Winter,999.8384192229054,26.575333333333333,37.916666666666664,11.451666666666666
212,Autumn,715.6780582195906,32.150000000000006,46.07388888888889,19.176666666666666
212,Kharif,889.9345751446843,29.336888888888886,44.50611111111111,15.818888888888889
212,Rabi,27.320624346672382,19.72711111111111,40.03944444444445,4.6755555555555555
212,Summer,193.43000899448438,31.862777777777776,46.20111111111111,11.773333333333333
212,Whole Year,967.7260848524531,26.0425,46.34111111111111,4.6755555555555555
212,Winter,749.7306897246312,26.631555555555554,37.81388888888889,10.546666666666667
213,Autumn,1015.5831560186214,31.627444444444443,45.12277777777778,18.524444444444445
213,Kharif,1163.8564335747312,29.195222222222224,43.68222222222222,16.39611111111111
213,Rabi,43.002455729473795,19.500777777777778,39.34111111111111,4.904444444444445
213,Summer,319.0796472992127,31.070833333333333,45.15611111111111,11.805555555555555
213,Whole Year,1321.4863467002288,25.72662037037037,45.513888888888886,4.904444444444445
213,Winter,961.2545228780558,26.647333333333332,37.654444444444444,11.185555555555556
214,Autumn,1147.0272436537261,30.419666666666664,43.346111111111114,18.61388888888889
214,Kharif,1347.1961198755437,28.406,41.19277777777778,16.65722222222222
214,Rabi,31.015501512973394,19.799444444444443,39.11666666666667,5.660555555555556
214,Summer,462.53780203416113,29.967777777777776,43.294999999999995,12.36111111111111
214,Whole Year,1564.0955122334676,25.30324074074074,43.474444444444444,5.660555555555556
214,Winter,1080.7687367345034,26.242,35.37777777777777,11.616666666666667
215,Autumn,701.9880687238442,32.07044444444445,46.291666666666664,19.25888888888889
215,Kharif,889.0433021047048,29.02722222222222,44.88944444444444,15.563888888888888
215,Rabi,39.85567832365632,20.108999999999998,40.147777777777776,5.4494444444444445
215,Summer,185.49185248340166,32.03583333333333,46.44555555555556,12.376666666666667
215,Whole Year,961.3192323770511,26.108055555555556,46.43611111111111,5.4494444444444445
215,Winter,749.6675748447025,26.34188888888889,38.01,10.917222222222222
216,Autumn,947.84502596553,31.000444444444447,44.12,18.864444444444445
216,Kharif,1134.4068149319953,28.81422222222222,42.483333333333334,16.461666666666666
216,Rabi,27.53464937913749,19.915,39.39388888888889,5.386666666666667
216,Summer,336.0191378136062,30.575000000000003,44.06722222222223,12.401111111111112
216,Whole Year,1285.985048170098,25.629907407407405,44.41777777777778,5.386666666666667
216,Winter,925.5079547670773,26.52477777777778,36.40166666666667,11.35888888888889
217,Autumn,801.8684958182274,31.79111111111111,45.41166666666666,18.855
217,Kharif,971.9606632579255,29.27588888888889,43.94166666666667,16.314444444444447
217,Rabi,30.735184222597766,19.738333333333333,39.80277777777778,4.946666666666667
217,Summer,243.95570935088173,31.36069444444444,45.47277777777778,11.879444444444445
217,Whole Year,1083.135639120859,25.912453703703704,45.76277777777778,4.946666666666667
217,Winter,814.2436344881576,26.730555555555558,37.60388888888889,11.053888888888888
218,Autumn,777.0054069717448,31.986666666666665,45.601111111111116,18.913333333333334
218,Kharif,934.7657010072357,29.338333333333335,44.175,16.044444444444444
218,Rabi,30.64749824248806,19.64577777777778,39.83166666666667,4.671111111111111
218,Summer,214.07194884376668,31.585972222222225,45.687222222222225,11.746111111111112
218,Whole Year,1025.8404239038764,25.947083333333335,45.977222222222224,4.671111111111111
218,Winter,782.6781555656343,26.690111111111108,37.78277777777778,10.797777777777778
219,Autumn,710.8885830839475,31.714111111111112,45.63944444444444,18.897222222222222
219,Kharif,913.2190128879415,28.98177777777778,44.115,15.732222222222223
219,Rabi,29.511842273175716,19.640777777777778,39.20111111111111,4.988888888888889
219,Summer,187.73984505215452,31.41027777777778,45.760555555555555,12.091111111111111
219,Whole Year,997.5743919420573,25.780231481481483,45.79888888888889,4.988888888888889
219,Winter,792.0414356403053,26.351,37.25,10.567222222222222
220,Autumn,944.2376780483272,31.627444444444443,45.12277777777778,18.524444444444445
220,Kharif,1075.288637061178,29.195222222222224,43.68222222222222,16.39611111111111
220,Rabi,36.17331027418927,19.500777777777778,39.34111111111111,4.904444444444445
220,Summer,304.99986557331346,31.070833333333333,45.15611111111111,11.805555555555555
220,Whole Year,1219.7223527083333,25.72662037037037,45.513888888888886,4.904444444444445
220,Winter,876.566440982721,26.647333333333332,37.654444444444444,11.185555555555556
221,Autumn,859.8504556831386,31.42722222222222,44.70722222222222,18.819444444444443
221,Kharif,967.9141161305209,29.133444444444446,43.22333333333333,16.676666666666666
221,Rabi,26.569258303898906,19.713555555555555,39.195,5.474444444444444
221,Summer,289.2696169471989,30.85722222222222,44.666111111111114,12.245
221,Whole Year,1105.3927267518723,25.74189814814815,45.10944444444445,5.474444444444444
221,Winter,785.6837827262158,26.703333333333333,37.41,11.682222222222222
222,Autumn,763.6846605858041,32.089444444444446,45.916666666666664,18.858333333333334
222,Kharif,901.0985835324973,29.325000000000003,44.40888888888889,15.761111111111111
222,Rabi,58.51288035656843,19.56211111111111,39.95611111111111,4.493333333333333
222,Summer,214.1494110946854,31.727222222222224,46.02611111111111,11.500555555555556
222,Whole Year,1019.6754211154249,25.93587962962963,46.21944444444445,4.493333333333333
222,Winter,761.232400026069,26.601444444444446,37.95388888888888,10.359444444444444
223,Autumn,1095.6682675047605,30.078333333333333,42.129444444444445,19.435555555555553
223,Kharif,1215.8481574374493,28.230777777777778,40.909444444444446,17.239444444444445
223,Rabi,29.888889196386305,19.771,37.67777777777778,6.75
223,Summer,398.06058524907735,29.518333333333334,42.003888888888895,13.497222222222222
223,Whole Year,1406.1978457878677,25.122638888888886,42.37722222222222,6.75
223,Winter,984.1578072433209,26.164555555555555,35.76222222222222,12.744444444444445
224,Autumn,802.8642461344048,32.02333333333333,45.69833333333334,19.23611111111111
224,Kharif,978.0306492315399,29.30933333333333,44.195,15.970555555555556
224,Rabi,34.27896587226402,19.82611111111111,39.891666666666666,4.7588888888888885
224,Summer,240.36332687004293,31.73861111111111,45.80888888888889,11.872777777777777
224,Whole Year,1089.1807331327625,26.046712962962964,45.989999999999995,4.7588888888888885
224,Winter,815.8634051912361,26.689,37.339444444444446,10.707777777777778
225,Autumn,2298.3703303866914,11.524,20.729444444444443,-1.1255555555555556
225,Kharif,2352.2466844982573,11.974777777777778,20.69222222222222,0.9455555555555555
225,Rabi,181.95850757178334,2.2454444444444444,15.214444444444446,-10.51
225,Summer,1172.627139846484,8.730416666666667,20.577222222222222,-4.738333333333333
225,Whole Year,3039.782471584777,7.40699074074074,20.808333333333334,-10.51
225,Winter,1803.2105542826985,10.269777777777778,20.08388888888889,-2.423888888888889
226,Autumn,1730.8180629117987,11.524,20.729444444444443,-1.1255555555555556
226,Kharif,1675.3013897530827,11.974777777777778,20.69222222222222,0.9455555555555555
226,Rabi,252.0605932852184,2.2454444444444444,15.214444444444446,-10.51
226,Summer,1022.1605879171394,8.730416666666667,20.577222222222222,-4.738333333333333
226,Whole Year,2407.7010599399605,7.40699074074074,20.808333333333334,-10.51
226,Winter,1289.1437752037136,10.269777777777778,20.08388888888889,-2.423888888888889
227,Autumn,1862.1056282255386,9.537555555555555,17.825000000000003,-4.459444444444444
227,Kharif,1834.0991741286384,9.999777777777778,17.784444444444446,-1.2027777777777777
227,Rabi,211.09351830743253,-0.08,12.623888888888889,-13.09
227,Summer,1047.5655776460965,6.580694444444444,17.640555555555554,-7.777777777777778
227,Whole Year,2531.0031508312873,5.2750462962962965,17.851666666666667,-13.09
227,Winter,1408.0436506540411,8.273333333333333,17.304444444444446,-5.556111111111111
228,Autumn,1690.6956402460735,9.537555555555555,17.825000000000003,-4.459444444444444
228,Kharif,1669.8805287679036,9.999777777777778,17.784444444444446,-1.2027777777777777
228,Rabi,192.65363195517824,-0.08,12.623888888888889,-13.09
228,Summer,937.1469625358781,6.580694444444444,17.640555555555554,-7.777777777777778
228,Whole Year,2296.3029579617496,5.2750462962962965,17.851666666666667,-13.09
228,Winter,1288.5199627714853,8.273333333333333,17.304444444444446,-5.556111111111111
229,Autumn,1608.7446279172543,25.390333333333334,35.52111111111111,14.226111111111111
229,Kharif,1476.0108169273092,25.08711111111111,34.943333333333335,14.148888888888889
229,Rabi,265.1814758452,16.522888888888886,29.909444444444446,5.8838888888888885
229,Summer,1002.9478160363656,23.609722222222224,34.96,10.680555555555555
229,Whole Year,2252.837508266171,21.36861111111111,35.59833333333333,5.8838888888888885
229,Winter,1156.1247383913508,23.436666666666667,34.51444444444444,10.364444444444445
230,Autumn,1185.5259778764512,8.900333333333332,20.465555555555554,-4.826666666666666
230,Kharif,1111.3793378229493,9.58222222222222,20.462222222222223,-4.045555555555556
230,Rabi,258.785078222139,-1.505,12.035,-13.353333333333333
230,Summer,806.9270190839413,5.422777777777778,19.63,-7.51111111111111
230,Whole Year,1750.5500988222104,4.279212962962963,20.46388888888889,-13.353333333333333
230,Winter,849.6390593658994,7.622,20.208333333333332,-6.564444444444444
231,Autumn,2067.584893491533,18.436111111111114,27.43,7.378333333333334
231,Kharif,1982.4558631314171,18.77433333333333,27.375,8.766666666666667
231,Rabi,191.95752155242695,9.418444444444445,21.638333333333335,-0.012777777777777777
231,Summer,1130.432509250111,15.982083333333334,26.59222222222222,3.7461111111111105
231,Whole Year,2714.923597211225,14.467407407407409,27.401666666666667,-0.012777777777777777
231,Winter,1510.0403126643764,17.179555555555552,27.180555555555557,5.275
232,Autumn,1856.1321376164753,27.98766666666667,41.61833333333333,16.32166666666667
232,Kharif,1719.5871033933427,27.954666666666668,41.574444444444445,17.191111111111113
232,Rabi,252.08665973196426,18.62222222222222,33.663333333333334,8.649444444444445
232,Summer,1106.9547066688538,25.82638888888889,39.80722222222222,12.909444444444444
232,Whole Year,2513.9842402761183,23.79625,41.85888888888889,8.649444444444445
232,Winter,1305.8778206010659,26.285222222222224,40.86388888888889,13.553333333333335
233,Autumn,2279.660883055793,12.617777777777778,21.00277777777778,1.1633333333333333
233,Kharif,2171.2440611874613,13.066777777777778,20.95777777777778,2.6327777777777777
233,Rabi,219.71834083950077,3.610777777777778,15.077222222222222,-6.143888888888889
233,Summer,1205.4296264987852,9.917499999999999,20.38111111111111,-1.8227777777777778
233,Whole Year,2977.793721800601,8.634675925925926,21.02777777777778,-6.143888888888889
233,Winter,1670.8270895505943,11.412777777777778,20.89888888888889,-0.5694444444444444
234,Autumn,1433.2352449629043,21.958666666666666,32.74333333333333,9.70111111111111
234,Kharif,1282.563959625032,22.000333333333334,32.76277777777778,10.192222222222222
234,Rabi,266.7266090948272,13.010777777777779,26.537777777777777,2.967777777777778
234,Summer,956.075786113739,19.79236111111111,32.01166666666667,6.566111111111111
234,Whole Year,2042.4004272680588,17.959398148148146,32.82888888888888,2.967777777777778
234,Winter,992.2481402917591,20.323333333333334,32.09888888888889,6.9911111111111115
235,Autumn,1513.2968005427606,27.98766666666667,41.61833333333333,16.32166666666667
235,Kharif,1382.0468116513005,27.954666666666668,41.574444444444445,17.191111111111113
235,Rabi,255.88367858860227,18.62222222222222,33.663333333333334,8.649444444444445
235,Summer,973.9820710641366,25.82638888888889,39.80722222222222,12.909444444444444
235,Whole Year,2128.478475316807,23.79625,41.85888888888889,8.649444444444445
235,Winter,1058.4780934679286,26.285222222222224,40.86388888888889,13.553333333333335
236,Autumn,2421.752982563443,21.65811111111111,30.61,9.736666666666666
236,Kharif,2375.50865497854,21.78622222222222,30.456111111111113,10.572222222222223
236,Rabi,195.63574814661922,12.271666666666667,25.334999999999997,1.7244444444444444
236,Summer,1236.6373206443257,19.337222222222223,29.96833333333333,5.726666666666667
236,Whole Year,3128.5058456910774,17.48439814814815,30.668888888888887,1.7244444444444444
236,Winter,1818.1447339396302,20.07611111111111,30.206111111111113,6.738333333333333
237,Autumn,2001.687800725301,21.65811111111111,30.61,9.736666666666666
237,Kharif,1923.4177066131872,21.78622222222222,30.456111111111113,10.572222222222223
237,Rabi,172.69201343651446,12.271666666666667,25.334999999999997,1.7244444444444444
237,Summer,1087.3955393632252,19.337222222222223,29.96833333333333,5.726666666666667
237,Whole Year,2602.9976372857473,17.48439814814815,30.668888888888887,1.7244444444444444
237,Winter,1457.0302472616786,20.07611111111111,30.206111111111113,6.738333333333333
238,Autumn,1936.6023309672319,11.343,21.25611111111111,-3.0211111111111113
238,Kharif,1949.9887072554338,11.997555555555556,21.23611111111111,-0.9494444444444444
238,Rabi,156.98225451157325,2.231444444444444,15.00111111111111,-9.024999999999999
238,Summer,1030.749812286761,8.352916666666665,20.672222222222224,-5.346111111111111
238,Whole Year,2580.636691307373,7.343425925925926,21.275,-9.024999999999999
238,Winter,1485.7520234316448,10.296333333333333,21.15,-3.585
239,Autumn,1598.8831037491086,24.875555555555554,36.83166666666667,13.595
239,Kharif,1507.8774688206022,24.58388888888889,37.0,14.041666666666666
239,Rabi,217.3320905690392,16.06722222222222,31.361666666666665,4.845000000000001
239,Summer,934.9551922480265,23.122638888888886,35.818333333333335,9.995
239,Whole Year,2185.601314932699,20.88032407407407,37.157222222222224,4.845000000000001
239,Winter,1171.994315750069,22.96322222222222,36.681666666666665,10.094444444444443
240,Autumn,1684.1164632020173,20.148222222222223,31.41388888888889,7.771666666666666
240,Kharif,1648.6018426977557,20.513222222222222,31.227222222222224,8.232777777777777
240,Rabi,259.6578896553428,10.616,25.05611111111111,0.37555555555555553
240,Summer,1012.3947379500777,17.468611111111112,30.40555555555555,4.243333333333333
240,Whole Year,2363.205020763992,15.931435185185185,31.428333333333335,0.37555555555555553
240,Winter,1255.2012231806177,18.776,31.002777777777776,4.510555555555555
241,Autumn,2088.9765424375178,16.301555555555556,26.448888888888888,4.475
241,Kharif,2027.0669364090318,16.752666666666666,26.42888888888889,4.98
241,Rabi,247.71639473570718,6.882000000000001,20.628888888888888,-2.7744444444444443
241,Summer,1157.5227490266163,13.479166666666666,25.53666666666667,1.0572222222222223
241,Whole Year,2791.520951957614,12.136851851851851,26.482777777777777,-2.7744444444444443
241,Winter,1540.0343272820528,15.037555555555555,26.290000000000003,1.983888888888889
242,Autumn,1869.674383652063,13.259333333333334,21.887222222222224,0.09944444444444447
242,Kharif,1917.0738251842097,13.847222222222221,21.814444444444444,2.9494444444444445
242,Rabi,155.99679852111473,4.043222222222222,16.012222222222224,-5.992222222222222
242,Summer,972.9099485828184,10.431666666666667,21.27,-3.5944444444444446
242,Whole Year,2512.2141263469316,9.234444444444444,21.887777777777778,-5.992222222222222
242,Winter,1470.1932478662534,12.203555555555555,21.75722222222222,-1.0194444444444446
243,Autumn,1893.5831985120417,21.917666666666666,32.00111111111111,10.091111111111111
243,Kharif,1820.8398600066148,22.104333333333333,31.856666666666666,10.668333333333333
243,Rabi,238.95557730017157,12.712333333333333,26.18111111111111,2.287777777777778
243,Summer,1064.4166721414636,19.546944444444446,31.252777777777776,6.471666666666667
243,Whole Year,2531.832361668969,17.826666666666668,32.02166666666667,2.287777777777778
243,Winter,1376.0919090726031,20.43744444444444,31.404999999999998,7.247777777777778
244,Autumn,1096.2795324325562,26.64811111111111,37.54777777777778,15.444444444444445
244,Kharif,1106.0307032664616,26.10511111111111,36.95666666666667,16.059444444444445
244,Rabi,97.53679541650193,17.977333333333334,33.599999999999994,6.681111111111111
244,Summer,568.8400717664648,25.26625,37.14722222222222,11.091111111111111
244,Whole Year,1498.061934205255,22.69101851851852,37.63777777777778,6.681111111111111
244,Winter,892.0870740779296,24.505222222222223,36.34111111111111,12.083888888888888
245,Autumn,1113.8232743519322,21.99211111111111,32.693333333333335,10.72888888888889
245,Kharif,1134.9363543457455,21.915666666666667,32.30555555555556,11.976111111111111
245,Rabi,95.51094338608283,14.021333333333335,28.59111111111111,2.2094444444444448
245,Summer,583.4639501593731,20.27125,32.44777777777777,6.7188888888888885
245,Whole Year,1528.0072508430176,18.43162037037037,32.845555555555556,2.2094444444444448
245,Winter,910.6196267797991,20.492,31.984444444444446,7.762777777777779
246,Autumn,1453.2643507145067,26.75711111111111,37.09,15.797222222222224
246,Kharif,1406.8547990969669,26.325666666666667,36.40833333333333,16.296666666666667
246,Rabi,136.19610469218023,17.677888888888887,32.403888888888886,6.872222222222223
246,Summer,771.6335481949794,25.148333333333333,36.74444444444444,11.371666666666666
246,Whole Year,1931.3381948332176,22.638564814814814,36.99,6.872222222222223
246,Winter,1111.3224172303337,24.65522222222222,35.81,12.315000000000001
247,Autumn,1518.6707993401424,23.64011111111111,35.09833333333333,12.787777777777778
247,Kharif,1464.6274409506057,23.513333333333335,34.90888888888889,13.491666666666667
247,Rabi,169.01045091566115,15.071666666666667,29.311111111111114,4.2155555555555555
247,Summer,844.4767385694716,21.79388888888889,33.69055555555556,8.748333333333333
247,Whole Year,2044.7423282744157,19.79740740740741,35.025,4.2155555555555555
247,Winter,1139.3802725755506,21.997,34.66833333333333,9.43
248,Autumn,1100.9928262432416,21.99211111111111,32.693333333333335,10.72888888888889
248,Kharif,1125.3987995518578,21.915666666666667,32.30555555555556,11.976111111111111
248,Rabi,92.24562321820606,14.021333333333335,28.59111111111111,2.2094444444444448
248,Summer,576.2832056317064,20.27125,32.44777777777777,6.7188888888888885
248,Whole Year,1509.9190460514899,18.43162037037037,32.845555555555556,2.2094444444444448
248,Winter,901.8578848735326,20.492,31.984444444444446,7.762777777777779
249,Autumn,1448.1384907710699,21.36777777777778,32.39555555555555,10.060555555555556
249,Kharif,1415.3348367567414,21.41288888888889,32.254444444444445,11.704444444444444
249,Rabi,136.52251501689537,13.262777777777778,27.349444444444444,1.4916666666666667
249,Summer,765.0728284930005,19.485972222222223,32.03666666666666,5.888888888888889
249,Whole Year,1932.941101638945,17.77087962962963,32.635555555555555,1.4916666666666667
249,Winter,1118.3903693729712,19.99588888888889,31.633333333333333,7.626111111111111
250,Autumn,1290.4836085284196,24.066555555555556,35.04055555555556,12.903888888888888
250,Kharif,1250.2205629172147,23.79477777777778,34.50277777777777,13.643333333333333
250,Rabi,116.25520546789522,15.555333333333332,30.189444444444444,3.9911111111111115
250,Summer,699.627893227118,22.425694444444446,34.58722222222222,8.875555555555556
250,Whole Year,1736.2303041661226,20.229537037037037,34.84444444444445,3.9911111111111115
250,Winter,996.9846921066443,22.241888888888887,33.945,9.288333333333334
251,Autumn,1307.2042297904873,24.066555555555556,35.04055555555556,12.903888888888888
251,Kharif,1302.2258972591824,23.79477777777778,34.50277777777777,13.643333333333333
251,Rabi,113.75847237920503,15.555333333333332,30.189444444444444,3.9911111111111115
251,Summer,684.3071264455348,22.425694444444446,34.58722222222222,8.875555555555556
251,Whole Year,1765.3859502958755,20.229537037037037,34.84444444444445,3.9911111111111115
251,Winter,1040.4679920331193,22.241888888888887,33.945,9.288333333333334
252,Autumn,1138.00051218492,24.558555555555554,35.29555555555555,14.811111111111112
252,Kharif,1076.9411665157033,24.080888888888886,33.80944444444444,15.291666666666666
252,Rabi,123.28030663190617,17.50711111111111,32.58888888888889,5.558888888888889
252,Summer,662.6624488466315,23.519166666666663,35.28777777777778,10.657222222222222
252,Whole Year,1547.1818085523944,21.344675925925927,35.416111111111114,5.558888888888889
252,Winter,837.2757336122017,22.843,32.89944444444444,10.836666666666666
253,Autumn,1053.1066069814894,24.563000000000002,35.80444444444444,14.358888888888888
253,Kharif,1017.9263366487293,24.114,34.32611111111111,15.423333333333334
253,Rabi,120.23617976788017,17.68466666666667,32.91833333333333,5.302222222222222
253,Summer,607.6431850330697,23.52638888888889,35.73833333333333,10.216111111111111
253,Whole Year,1455.6970383778216,21.435416666666665,35.87222222222223,5.302222222222222
253,Winter,800.8335755970743,22.94033333333333,33.35888888888889,10.96
254,Autumn,1291.383878880077,24.558555555555554,35.29555555555555,14.811111111111112
254,Kharif,1197.126781821251,24.080888888888886,33.80944444444444,15.291666666666666
254,Rabi,127.56890857716401,17.50711111111111,32.58888888888889,5.558888888888889
254,Summer,756.2967828412851,23.519166666666663,35.28777777777778,10.657222222222222
254,Whole Year,1728.78757481277,21.344675925925927,35.416111111111114,5.558888888888889
254,Winter,922.5090846949154,22.843,32.89944444444444,10.836666666666666
255,Autumn,950.2866973391285,23.802777777777777,33.92722222222223,14.147222222222222
255,Kharif,927.9802776530936,23.41188888888889,32.58611111111111,14.350000000000001
255,Rabi,115.52479433033753,16.622333333333334,30.917777777777776,4.937777777777778
255,Summer,559.488746881485,22.645555555555557,33.894444444444446,10.473888888888888
255,Whole Year,1330.7015327293839,20.547916666666666,34.06111111111111,4.937777777777778
255,Winter,730.491444652831,22.129222222222225,31.942222222222224,10.189444444444444
256,Autumn,1062.8200133376652,23.802777777777777,33.92722222222223,14.147222222222222
256,Kharif,1013.9161199463738,23.41188888888889,32.58611111111111,14.350000000000001
256,Rabi,121.17797595386703,16.622333333333334,30.917777777777776,4.937777777777778
256,Summer,623.9770877637244,22.645555555555557,33.894444444444446,10.473888888888888
256,Whole Year,1458.3242608961407,20.547916666666666,34.06111111111111,4.937777777777778
256,Winter,789.743307168837,22.129222222222225,31.942222222222224,10.189444444444444
257,Autumn,1005.2237791286575,21.99211111111111,32.693333333333335,10.72888888888889
257,Kharif,1025.1713013119167,21.915666666666667,32.30555555555556,11.976111111111111
257,Rabi,94.7732946243551,14.021333333333335,28.59111111111111,2.2094444444444448
257,Summer,547.3543405267927,20.27125,32.44777777777777,6.7188888888888885
257,Whole Year,1389.82064935565,18.43162037037037,32.845555555555556,2.2094444444444448
257,Winter,812.2335230294201,20.492,31.984444444444446,7.762777777777779
258,Autumn,1008.0663649329431,23.802777777777777,33.92722222222223,14.147222222222222
258,Kharif,983.2278975557397,23.41188888888889,32.58611111111111,14.350000000000001
258,Rabi,113.31501587059486,16.622333333333334,30.917777777777776,4.937777777777778
258,Summer,587.52284431016,22.645555555555557,33.894444444444446,10.473888888888888
258,Whole Year,1395.98352834741,20.547916666666666,34.06111111111111,4.937777777777778
258,Winter,769.60542784376,22.129222222222225,31.942222222222224,10.189444444444444
259,Autumn,1004.5247083416691,24.558555555555554,35.29555555555555,14.811111111111112
259,Kharif,966.4742968788853,24.080888888888886,33.80944444444444,15.291666666666666
259,Rabi,117.64857095962871,17.50711111111111,32.58888888888889,5.558888888888889
259,Summer,589.9727378763533,23.519166666666663,35.28777777777778,10.657222222222222
259,Whole Year,1391.6451718965889,21.344675925925927,35.416111111111114,5.558888888888889
259,Winter,757.6322567959626,22.843,32.89944444444444,10.836666666666666
260,Autumn,1024.0527799460624,21.99211111111111,32.693333333333335,10.72888888888889
260,Kharif,1042.0439911021126,21.915666666666667,32.30555555555556,11.976111111111111
260,Rabi,93.12694291087489,14.021333333333335,28.59111111111111,2.2094444444444448
260,Summer,558.9361942410469,20.27125,32.44777777777777,6.7188888888888885
260,Whole Year,1412.3606253512617,18.43162037037037,32.845555555555556,2.2094444444444448
260,Winter,824.2243930962351,20.492,31.984444444444446,7.762777777777779
261,Autumn,1801.9631719589233,25.003555555555558,35.528888888888886,15.657222222222222
261,Kharif,1796.2685250706143,24.455333333333336,33.63611111111111,16.233333333333334
261,Rabi,161.15767978783697,18.545333333333335,33.13444444444445,5.942777777777778
261,Summer,1029.50367242429,24.216388888888886,35.43611111111111,11.905
261,Whole Year,2479.692902212238,22.056712962962962,35.468888888888884,5.942777777777778
261,Winter,1400.0391504669356,23.365555555555556,33.12444444444444,11.675555555555555
262,Autumn,1690.245921505822,23.989,34.78944444444445,14.333888888888888
262,Kharif,1715.2193372514512,23.55933333333333,32.513333333333335,15.686111111111112
262,Rabi,150.57155392043015,17.962000000000003,32.312222222222225,5.09
262,Summer,943.7334172946435,23.23166666666667,34.64277777777778,10.822222222222223
262,Whole Year,2327.520985216178,21.274305555555557,34.71333333333334,5.09
262,Winter,1336.378926358841,22.598222222222223,31.904999999999998,11.227222222222222
263,Autumn,1831.0201599686234,26.696,37.37777777777777,18.651666666666667
263,Kharif,1800.5446282845955,25.903333333333332,33.49166666666667,17.988333333333333
263,Rabi,161.94924091940953,20.154999999999998,35.19222222222223,8.05111111111111
263,Summer,1052.7490587344876,26.24597222222222,37.221111111111114,14.078333333333333
263,Whole Year,2507.312831442458,23.677546296296295,37.221111111111114,8.05111111111111
263,Winter,1401.9040924146493,24.751666666666665,32.84444444444445,13.22888888888889
264,Autumn,942.8529694588095,27.244222222222223,38.57,19.165000000000003
264,Kharif,1046.1710481908585,26.457444444444445,35.00277777777777,19.758333333333333
264,Rabi,76.88914375476264,21.362777777777776,36.132222222222225,9.492222222222223
264,Summer,504.80859640599397,27.049444444444443,38.33833333333334,15.107777777777777
264,Whole Year,1343.1793713953207,24.558333333333334,38.33833333333334,9.492222222222223
264,Winter,823.3859655421088,25.492333333333335,33.986111111111114,15.193888888888889
265,Autumn,1723.0803722231476,27.16433333333333,38.62166666666667,19.015
265,Kharif,1774.9630786577861,26.421888888888887,35.208333333333336,19.01833333333333
265,Rabi,129.71686956672755,21.009555555555558,35.935,8.811666666666667
265,Summer,907.5908098477456,26.880555555555556,38.375,14.66888888888889
265,Whole Year,2323.773793958403,24.37,38.39833333333334,8.811666666666667
265,Winter,1377.106437501808,25.39633333333333,34.49388888888889,14.184444444444445
266,Autumn,1743.4428178763683,26.696,37.37777777777777,18.651666666666667
266,Kharif,1719.5617735709673,25.903333333333332,33.49166666666667,17.988333333333333
266,Rabi,146.02171404875904,20.154999999999998,35.19222222222223,8.05111111111111
266,Summer,1000.7036503729996,26.24597222222222,37.221111111111114,14.078333333333333
266,Whole Year,2382.7315070571626,23.677546296296295,37.221111111111114,8.05111111111111
266,Winter,1338.1102956088237,24.751666666666665,32.84444444444445,13.22888888888889
267,Autumn,741.8608274636445,24.00088888888889,35.69722222222222,14.082222222222223
267,Kharif,845.9180709785885,23.478555555555555,33.18611111111111,15.53111111111111
267,Rabi,62.547225614112826,18.172444444444444,33.217777777777776,4.852222222222222
267,Summer,407.0608900669548,23.47138888888889,35.55111111111111,10.457777777777778
267,Whole Year,1090.9457992334608,21.381574074074074,35.522777777777776,4.852222222222222
267,Winter,678.3798996651614,22.523555555555554,32.43222222222222,10.901666666666666
268,Autumn,1733.4142478704453,23.989,34.78944444444445,14.333888888888888
268,Kharif,1751.7642738024394,23.55933333333333,32.513333333333335,15.686111111111112
268,Rabi,152.1584850444148,17.962000000000003,32.312222222222225,5.09
268,Summer,975.4632407828337,23.23166666666667,34.64277777777778,10.822222222222223
268,Whole Year,2388.570792770427,21.274305555555557,34.71333333333334,5.09
268,Winter,1367.3696476997186,22.598222222222223,31.904999999999998,11.227222222222222
269,Autumn,1718.3466599429094,27.787111111111113,38.87555555555556,19.62388888888889
269,Kharif,1603.1527765768544,26.87,34.45777777777778,18.41888888888889
269,Rabi,130.71899479993237,20.935666666666666,36.705,8.371666666666666
269,Summer,1067.8913602696525,27.391666666666666,38.727222222222224,14.196111111111112
269,Whole Year,2331.198685316369,24.605046296296294,38.727222222222224,8.371666666666666
269,Winter,1220.594602384225,25.669777777777778,33.76166666666667,13.879444444444445
270,Autumn,1734.569077456439,26.696,37.37777777777777,18.651666666666667
270,Kharif,1660.881717328672,25.903333333333332,33.49166666666667,17.988333333333333
270,Rabi,139.98396908195207,20.154999999999998,35.19222222222223,8.05111111111111
270,Summer,1019.1799358008084,26.24597222222222,37.221111111111114,14.078333333333333
270,Whole Year,2357.017853766197,23.677546296296295,37.221111111111114,8.05111111111111
270,Winter,1289.4317181883034,24.751666666666665,32.84444444444445,13.22888888888889
271,Autumn,1809.4354492646676,27.89677777777778,40.01777777777778,19.745555555555555
271,Kharif,1797.7626784289323,27.20811111111111,37.02611111111111,19.196111111111108
271,Rabi,106.48133864860843,20.495111111111115,37.185,7.767222222222222
271,Summer,965.0338802884022,27.403194444444445,39.72666666666667,13.559444444444445
271,Whole Year,2353.203268075155,24.581296296296294,39.72666666666667,7.767222222222222
271,Winter,1350.0356452649942,26.03022222222222,36.498333333333335,13.84388888888889
272,Autumn,1662.967304799292,28.580444444444442,39.80166666666666,20.320555555555554
272,Kharif,1496.9113657739426,27.57411111111111,34.54,18.74
272,Rabi,118.67527143760688,21.359444444444446,37.94555555555556,8.37
272,Summer,1074.6707912998068,28.24652777777778,39.67333333333333,14.370555555555557
272,Whole Year,2221.0429125554447,25.24537037037037,39.67333333333333,8.37
272,Winter,1100.095811634221,26.374444444444446,33.711666666666666,14.122777777777777
273,Autumn,3123.4926522572837,26.924444444444443,38.11611111111111,16.345
273,Kharif,2981.2004698117576,26.284666666666666,36.364444444444445,16.250555555555554
273,Rabi,141.52446459564896,18.96811111111111,35.672222222222224,6.177222222222222
273,Summer,1782.2228545281623,26.015138888888888,37.95,11.981111111111112
273,Whole Year,3887.8615239875185,23.314305555555553,38.07666666666667,6.177222222222222
273,Winter,2122.295735057857,24.893444444444444,36.11611111111111,11.678888888888888
274,Autumn,2179.826464361615,21.43122222222222,28.924999999999997,11.095555555555556
274,Kharif,2173.449716673957,21.438444444444443,28.696666666666665,11.341666666666667
274,Rabi,131.89067536095777,13.308777777777777,25.77277777777778,1.6405555555555555
274,Summer,1178.3154539267223,19.68263888888889,28.71111111111111,6.746666666666666
274,Whole Year,2836.1396732876697,17.845462962962966,29.07388888888889,1.6405555555555555
274,Winter,1620.330208291403,20.047222222222224,28.584999999999997,7.242222222222223
275,Autumn,1487.9568091851693,23.678888888888892,32.842777777777776,12.989444444444445
275,Kharif,1468.6608500039135,23.536,31.918333333333333,13.351111111111111
275,Rabi,124.87896473409124,15.139333333333333,29.23944444444444,3.207777777777778
275,Summer,842.9644864974198,22.001527777777778,32.81888888888889,7.970000000000001
275,Whole Year,2026.3573887445446,19.882685185185185,32.93833333333333,3.207777777777778
275,Winter,1143.24507335808,22.03011111111111,31.599999999999998,8.703333333333333
276,Autumn,1209.5822566615211,27.11588888888889,37.123333333333335,15.333333333333334
276,Kharif,1253.2141358587478,26.684555555555555,36.71666666666667,15.659444444444444
276,Rabi,84.24591240172998,17.555333333333333,33.27222222222222,5.748888888888889
276,Summer,641.3696448008219,25.38222222222222,36.95055555555555,10.306111111111111
276,Whole Year,1656.5990539479794,22.78152777777778,37.21,5.748888888888889
276,Winter,986.6063165863355,24.950777777777777,36.077777777777776,11.445
277,Autumn,4683.34556918674,26.924444444444443,38.11611111111111,16.345
277,Kharif,4515.397069705858,26.284666666666666,36.364444444444445,16.250555555555554
277,Rabi,183.69049209997885,18.96811111111111,35.672222222222224,6.177222222222222
277,Summer,2570.2805906616977,26.015138888888888,37.95,11.981111111111112
277,Whole Year,5700.314306245703,23.314305555555553,38.07666666666667,6.177222222222222
277,Winter,3179.0683698033295,24.893444444444444,36.11611111111111,11.678888888888888
278,Autumn,2196.598729027642,28.474333333333334,39.35944444444445,17.697777777777777
278,Kharif,2107.197320125721,27.427444444444443,36.53944444444445,17.214444444444446
278,Rabi,108.43473509926763,19.57422222222222,36.76888888888889,6.925000000000001
278,Summer,1342.0810601799576,27.65347222222222,39.20611111111111,12.673333333333334
278,Whole Year,2846.269558884272,24.365092592592593,39.224999999999994,6.925000000000001
278,Winter,1489.4771002154384,25.85711111111111,35.43888888888889,12.537777777777778
279,Autumn,3471.647841082679,22.6,29.98277777777778,12.629444444444443
279,Kharif,3388.0390360355377,22.459666666666667,29.44166666666667,12.639444444444443
279,Rabi,149.4474761614369,14.62811111111111,27.160555555555554,3.1355555555555554
279,Summer,1882.9672070890665,21.11277777777778,29.71277777777778,8.532777777777778
279,Whole Year,4295.395787410852,19.060277777777777,29.96611111111111,3.1355555555555554
279,Winter,2432.6424691261104,21.08911111111111,29.35777777777778,8.459444444444445
280,Autumn,1745.8833403410733,28.329777777777778,36.36388888888889,17.327777777777776
280,Kharif,1578.8842818085793,27.956444444444443,35.83444444444444,17.655555555555555
280,Rabi,105.13280334358137,18.609333333333336,32.65222222222222,7.476111111111111
280,Summer,1098.216038825335,26.46625,35.974444444444444,12.71888888888889
280,Whole Year,2249.703743658201,23.93236111111111,36.46611111111111,7.476111111111111
280,Winter,1110.2690908059615,26.19988888888889,35.30888888888889,13.077222222222222
281,Autumn,2116.4737724728056,28.183444444444447,35.824444444444445,17.55388888888889
281,Kharif,1970.9465851386387,27.774222222222225,35.21611111111111,17.783333333333335
281,Rabi,109.8517605708912,18.653444444444446,32.54055555555556,7.513333333333334
281,Summer,1295.2703079299795,26.40625,35.565555555555555,12.595
281,Whole Year,2709.706462791914,23.870462962962964,35.755,7.513333333333334
281,Winter,1379.748554216491,26.07288888888889,34.56888888888889,13.206111111111111
282,Autumn,1962.6611507203843,26.34466666666667,37.36555555555556,16.450000000000003
282,Kharif,1845.244952281316,25.87933333333333,36.315555555555555,16.27111111111111
282,Rabi,178.30846582125457,18.43422222222222,33.571666666666665,6.231111111111111
282,Summer,1160.8457509566235,25.210972222222225,37.00611111111111,11.809444444444445
282,Whole Year,2631.1239328168467,22.773611111111112,37.309444444444445,6.231111111111111
282,Winter,1415.8883327753456,24.47377777777778,36.00833333333333,11.61111111111111
283,Autumn,1274.5550189724675,28.180444444444444,37.0,17.702222222222222
283,Kharif,1222.9617501806329,27.710111111111114,36.095,17.641666666666666
283,Rabi,91.29866434923477,18.81188888888889,33.73,7.797777777777777
283,Summer,698.7872566470393,26.56513888888889,36.80722222222222,12.995
283,Whole Year,1681.0488249992054,23.92337962962963,37.19555555555556,7.797777777777777
283,Winter,948.5597539578598,25.986222222222224,35.18055555555556,13.147222222222222
284,Autumn,1689.3178680914418,28.606444444444442,40.63666666666667,17.28388888888889
284,Kharif,1530.8302736812166,28.417666666666666,40.53722222222222,17.334999999999997
284,Rabi,201.811123703089,19.475555555555555,33.91222222222222,8.64
284,Summer,986.9472208376283,26.73236111111111,39.55222222222222,13.241111111111111
284,Whole Year,2245.465086315241,24.4987037037037,40.65777777777778,8.64
284,Winter,1186.3398970736673,26.734222222222222,40.123333333333335,13.577777777777778
285,Autumn,1991.6231231821907,28.909444444444446,38.53388888888889,18.003333333333334
285,Kharif,1869.4607345329391,28.007555555555555,36.16166666666666,18.07888888888889
285,Rabi,100.99389514875494,19.189888888888888,35.57722222222222,7.506111111111112
285,Summer,1264.2913352085484,27.66722222222222,38.41277777777778,12.845
285,Whole Year,2587.760633954261,24.448981481481482,38.394444444444446,7.506111111111112
285,Winter,1313.9454308713061,26.295,34.629444444444445,13.362222222222222
286,Autumn,1619.3449541021275,28.606444444444442,40.63666666666667,17.28388888888889
286,Kharif,1487.2483779059514,28.417666666666666,40.53722222222222,17.334999999999997
286,Rabi,199.05875578129456,19.475555555555555,33.91222222222222,8.64
286,Summer,955.1897875997755,26.73236111111111,39.55222222222222,13.241111111111111
286,Whole Year,2177.9271635958853,24.4987037037037,40.65777777777778,8.64
286,Winter,1151.8265721475084,26.734222222222222,40.123333333333335,13.577777777777778
287,Autumn,2051.687929612619,28.426111111111112,37.205000000000005,17.707222222222224
287,Kharif,1907.7749695954496,27.856444444444445,35.97333333333333,17.665000000000003
287,Rabi,108.50896344037243,18.737777777777776,33.97222222222222,7.310555555555556
287,Summer,1252.318363762564,26.855416666666667,37.03055555555555,12.79
287,Whole Year,2631.398188623082,24.039027777777775,37.114444444444445,7.310555555555556
287,Winter,1357.7526628010803,26.172444444444444,35.14666666666667,13.147222222222222
288,Autumn,1281.9020895781339,27.84022222222222,38.01,16.926111111111112
288,Kharif,1212.3241239388783,27.27744444444444,37.205555555555556,17.09111111111111
288,Rabi,120.4461338808415,18.623222222222225,34.21388888888889,8.129444444444445
288,Summer,710.0485257131081,26.343055555555555,37.794999999999995,12.585
288,Whole Year,1714.5365491201756,23.63212962962963,38.07333333333333,8.129444444444445
288,Winter,963.6152619611886,25.560222222222222,36.57,13.172777777777776
289,Autumn,2015.216694443314,28.34711111111111,40.07833333333333,18.257777777777775
289,Kharif,1918.5084679568254,27.807111111111112,39.135,18.265
289,Rabi,181.2696483959616,20.297777777777778,36.89277777777778,7.157777777777778
289,Summer,1182.8684920867283,27.36888888888889,39.62777777777777,12.441666666666666
289,Whole Year,2717.1081994934075,24.727083333333333,40.02722222222222,7.157777777777778
289,Winter,1478.4574663513513,26.456,38.60722222222223,13.214444444444446
290,Autumn,1413.7536455613595,26.75711111111111,37.09,15.797222222222224
290,Kharif,1354.1022949174596,26.325666666666667,36.40833333333333,16.296666666666667
290,Rabi,130.82896536837018,17.677888888888887,32.403888888888886,6.872222222222223
290,Summer,766.0491061652148,25.148333333333333,36.74444444444444,11.371666666666666
290,Whole Year,1878.494089550718,22.638564814814814,36.99,6.872222222222223
290,Winter,1068.8188368363512,24.65522222222222,35.81,12.315000000000001
291,Autumn,1496.1979465131406,28.577777777777776,36.96055555555555,17.766666666666666
291,Kharif,1377.041645069917,28.03933333333333,36.25,17.455
291,Rabi,97.16766991473182,18.957666666666668,33.60888888888889,7.690555555555556
291,Summer,918.9938513901499,26.885555555555555,36.672222222222224,12.833888888888888
291,Whole Year,1958.533126586358,24.192962962962966,37.03611111111111,7.690555555555556
291,Winter,1008.5673771868977,26.31533333333333,35.37888888888889,13.257777777777777
292,Autumn,1061.2487717028016,26.64811111111111,37.54777777777778,15.444444444444445
292,Kharif,1023.2943201992247,26.10511111111111,36.95666666666667,16.059444444444445
292,Rabi,104.79867466007946,17.977333333333334,33.599999999999994,6.681111111111111
292,Summer,565.9491003310238,25.26625,37.14722222222222,11.091111111111111
292,Whole Year,1437.4601924258664,22.69101851851852,37.63777777777778,6.681111111111111
292,Winter,829.7770028046712,24.505222222222223,36.34111111111111,12.083888888888888
293,Autumn,2064.8673384719423,27.127222222222223,36.791666666666664,17.623333333333335
293,Kharif,1875.676394806968,26.726333333333333,35.38333333333333,17.32166666666667
293,Rabi,188.47740230936972,19.259666666666664,34.760555555555555,7.179444444444444
293,Summer,1292.3934164924754,26.038333333333334,36.83722222222222,12.213888888888889
293,Whole Year,2765.2787067027143,23.60324074074074,36.93888888888889,7.179444444444444
293,Winter,1426.3458367751705,25.367444444444445,35.28055555555555,12.729444444444445
294,Autumn,2316.430157555474,28.030444444444445,37.37111111111111,17.17111111111111
294,Kharif,2225.6581848550722,27.256222222222224,35.458888888888886,17.03666666666667
294,Rabi,97.30268746504076,18.484333333333336,34.32333333333334,6.825
294,Summer,1389.588467389897,26.603472222222223,37.28333333333333,12.032222222222222
294,Whole Year,2960.4409884931865,23.64101851851852,37.31722222222223,6.825
294,Winter,1559.6991006894104,25.51888888888889,34.211666666666666,12.527777777777779
295,Autumn,1628.7204809056389,28.191777777777776,37.400000000000006,17.647222222222222
295,Kharif,1540.0249405304592,27.709666666666667,36.51888888888889,17.397777777777776
295,Rabi,158.03201446951263,19.005666666666666,33.221666666666664,8.758888888888889
295,Summer,901.487350838052,26.612777777777776,37.21,13.61888888888889
295,Whole Year,2139.1354370847757,24.00962962962963,37.48,8.758888888888889
295,Winter,1188.3422804599006,25.99388888888889,35.687222222222225,13.712777777777779
296,Autumn,1096.9036803657627,28.34877777777778,37.57277777777777,17.201666666666668
296,Kharif,1079.7510722890313,27.85022222222222,36.434444444444445,17.51388888888889
296,Rabi,84.81176761579182,19.098333333333333,34.83833333333333,7.7700000000000005
296,Summer,585.0168515848525,26.818333333333335,37.51833333333333,12.61111111111111
296,Whole Year,1474.0167132094962,24.13837962962963,37.785,7.7700000000000005
296,Winter,858.4787696492341,26.148333333333333,35.437777777777775,13.08
297,Autumn,1177.7191208380239,28.34877777777778,37.57277777777777,17.201666666666668
297,Kharif,1163.7271029375215,27.85022222222222,36.434444444444445,17.51388888888889
297,Rabi,115.19473949909485,19.098333333333333,34.83833333333333,7.7700000000000005
297,Summer,643.0990608952663,26.818333333333335,37.51833333333333,12.61111111111111
297,Whole Year,1619.8947295817648,24.13837962962963,37.785,7.7700000000000005
297,Winter,934.4362893256324,26.148333333333333,35.437777777777775,13.08
298,Autumn,1487.339558283488,28.329777777777778,36.36388888888889,17.327777777777776
298,Kharif,1321.8530755639076,27.956444444444443,35.83444444444444,17.655555555555555
298,Rabi,97.54438782814476,18.609333333333336,32.65222222222222,7.476111111111111
298,Summer,946.9555587470531,26.46625,35.974444444444444,12.71888888888889
298,Whole Year,1925.220373277035,23.93236111111111,36.46611111111111,7.476111111111111
298,Winter,939.8371871383861,26.19988888888889,35.30888888888889,13.077222222222222
299,Autumn,934.2052516672346,25.737444444444446,35.83111111111111,15.58111111111111
299,Kharif,923.3909289671315,25.295555555555556,34.32666666666667,15.559444444444445
299,Rabi,110.67371563665155,17.589333333333332,32.50277777777777,5.862222222222222
299,Summer,544.4941975341903,24.45041666666667,35.623333333333335,10.696666666666665
299,Whole Year,1313.8150294378606,22.051203703703706,35.84,5.862222222222222
299,Winter,734.355388743596,23.83111111111111,33.846666666666664,11.161111111111111
300,Autumn,1521.4927939309014,28.191777777777776,37.400000000000006,17.647222222222222
300,Kharif,1448.0026440355512,27.709666666666667,36.51888888888889,17.397777777777776
300,Rabi,168.8009869841238,19.005666666666666,33.221666666666664,8.758888888888889
300,Summer,854.9495993190341,26.612777777777776,37.21,13.61888888888889
300,Whole Year,2046.0933745137793,24.00962962962963,37.48,8.758888888888889
300,Winter,1132.0622834445976,25.99388888888889,35.687222222222225,13.712777777777779
301,Autumn,1500.790048163614,23.34155555555556,32.53388888888889,11.487777777777778
301,Kharif,1459.5748322333818,23.292444444444445,32.05,13.524444444444445
301,Rabi,124.90959706410396,14.405555555555557,28.56277777777778,3.789444444444445
301,Summer,843.9173878107542,21.395694444444445,32.165,7.873888888888889
301,Whole Year,2003.7534801193315,19.357314814814814,32.60722222222222,3.789444444444445
301,Winter,1121.60237203589,21.73177777777778,31.59777777777778,9.996666666666666
302,Autumn,1688.3291204240586,28.546222222222223,41.79888888888889,16.742222222222225
302,Kharif,1548.0062450567882,28.198,41.446666666666665,16.572222222222223
302,Rabi,233.42119359431996,18.59488888888889,34.21888888888889,7.110555555555555
302,Summer,1011.3703409300911,26.62027777777778,40.721666666666664,12.595555555555556
302,Whole Year,2303.532045915309,24.03625,41.65611111111111,7.110555555555555
302,Winter,1206.109474025253,26.367444444444445,40.919444444444444,12.21888888888889
303,Autumn,996.5133081658018,29.605444444444444,42.632222222222225,22.40277777777778
303,Kharif,1237.7336282196145,27.907444444444444,37.04,18.011666666666667
303,Rabi,80.78369333905478,21.856,39.910555555555554,7.121666666666666
303,Summer,460.9330160749248,29.89458333333333,42.56388888888889,15.482222222222223
303,Whole Year,1501.382043954606,25.909583333333334,42.56388888888889,7.121666666666666
303,Winter,1016.1356426606783,26.462333333333333,33.64388888888889,12.929444444444444
304,Autumn,1105.2353481101215,29.250555555555554,38.895,23.906111111111112
304,Kharif,1380.1714831976979,28.134888888888888,34.55,20.29888888888889
304,Rabi,94.93426627431202,22.721999999999998,37.153888888888886,9.909444444444444
304,Summer,486.22300631311475,29.407916666666665,38.915,17.89888888888889
304,Whole Year,1660.8252557801704,26.21458333333333,38.915,9.909444444444444
304,Winter,1143.8517480469136,26.968444444444444,32.55888888888889,15.864444444444445
305,Autumn,938.6923782920671,30.164111111111108,44.73222222222222,20.20611111111111
305,Kharif,1136.7824563273675,28.04866666666667,41.19444444444444,16.71055555555556
305,Rabi,72.53889167557159,20.361222222222224,38.851111111111116,5.703333333333333
305,Summer,411.3831022264505,30.04069444444444,44.67944444444444,13.121111111111112
305,Whole Year,1366.6798115735528,25.46115740740741,44.73722222222222,5.703333333333333
305,Winter,929.7803120781425,26.209222222222223,34.57388888888889,11.500555555555556
306,Autumn,852.4565512380666,30.32866666666667,44.63,20.509444444444444
306,Kharif,1092.4063434170353,28.141444444444446,40.58166666666667,17.043333333333333
306,Rabi,65.84766873738005,20.807222222222222,39.867777777777775,6.027222222222222
306,Summer,403.8688829280436,30.414305555555554,44.611666666666665,13.859444444444444
306,Whole Year,1313.3334981047858,25.740648148148146,44.54277777777778,6.027222222222222
306,Winter,890.012403646484,26.324555555555555,34.378888888888895,11.86111111111111
307,Autumn,961.0968846970549,30.295444444444442,44.88388888888889,19.642222222222223
307,Kharif,1258.5555350747372,28.021,41.33833333333334,16.43111111111111
307,Rabi,51.42350913253095,20.270777777777777,39.78222222222222,5.92
307,Summer,410.39237522789176,30.283333333333335,44.903888888888886,13.595555555555556
307,Whole Year,1461.97493463527,25.43907407407407,45.111666666666665,5.92
307,Winter,1036.758391081873,26.034777777777776,34.67388888888889,11.412777777777778
308,Autumn,2255.742385398017,28.460555555555555,39.51222222222222,17.905
308,Kharif,2300.9648809432983,27.233,36.76,17.54111111111111
308,Rabi,77.53177611927191,19.460444444444445,36.535,7.212777777777778
308,Summer,1151.5372841301894,27.63875,39.46055555555555,12.935
308,Whole Year,2848.204367201527,24.23902777777778,39.47833333333333,7.212777777777778
308,Winter,1684.6973937965101,25.560222222222222,34.155,12.824444444444445
309,Autumn,2772.980786350038,22.265444444444444,32.00333333333334,11.643333333333333
309,Kharif,2972.1471195502413,21.522777777777776,30.551111111111116,12.681111111111111
309,Rabi,121.30348757561296,13.904111111111112,28.65666666666667,3.312222222222222
309,Summer,1228.1228315598435,21.038194444444443,31.90277777777778,8.211666666666666
309,Whole Year,3565.370186022483,18.382777777777775,31.932777777777776,3.312222222222222
309,Winter,2281.9991480381123,19.91122222222222,28.03944444444444,8.937222222222223
310,Autumn,1307.9524148626735,29.978444444444442,42.82111111111111,18.601666666666667
310,Kharif,1518.968078524978,28.15588888888889,39.382222222222225,16.91444444444444
310,Rabi,38.96091365400288,20.02911111111111,39.01222222222222,5.8838888888888885
310,Summer,506.3652952989494,29.488055555555555,42.68611111111111,12.440555555555555
310,Whole Year,1766.7479178744056,25.223703703703706,42.64277777777778,5.8838888888888885
310,Winter,1233.0728698142423,26.241333333333333,34.77166666666667,11.876666666666667
311,Autumn,1518.894704485381,29.962333333333333,42.40111111111111,18.200000000000003
311,Kharif,1745.7782439832333,28.14611111111111,39.721666666666664,16.995
311,Rabi,40.34571933532479,19.713222222222225,38.608333333333334,6.112777777777778
311,Summer,605.9149630959663,29.377083333333335,42.29277777777778,12.255
311,Whole Year,2026.2379583606703,25.058611111111112,42.27444444444445,6.112777777777778
311,Winter,1396.56136323346,26.119222222222223,34.91444444444445,12.01611111111111
312,Autumn,936.6359931329886,30.120444444444445,44.45611111111111,21.040555555555557
312,Kharif,1164.0389868252807,28.029222222222224,40.14388888888889,17.13
312,Rabi,79.08127469479761,20.818333333333335,39.67166666666667,5.9655555555555555
312,Summer,440.85869488796146,30.22472222222222,44.419444444444444,13.980555555555556
312,Whole Year,1414.5260795994352,25.659907407407406,44.23833333333333,5.9655555555555555
312,Winter,955.473654407042,26.297555555555554,34.11833333333333,11.877777777777778
313,Autumn,1038.0176328025113,29.827888888888893,43.48833333333333,22.002222222222223
313,Kharif,1300.275068624152,27.984222222222222,38.72333333333333,17.535555555555554
313,Rabi,86.20791800274156,21.23777777777778,39.665,6.3533333333333335
313,Summer,461.5994604272239,29.991527777777776,43.42055555555556,14.531666666666666
313,Whole Year,1562.903740659448,25.734953703703706,43.26777777777778,6.3533333333333335
313,Winter,1077.3334597500018,26.404,33.760000000000005,12.31111111111111
314,Autumn,2582.098178881186,29.13811111111111,40.89,18.65222222222222
314,Kharif,2722.0611199537907,27.62088888888889,37.97388888888889,18.15277777777778
314,Rabi,83.16309578516693,20.130333333333333,37.531666666666666,7.558333333333334
314,Summer,1164.0105656528913,28.573333333333338,40.82833333333333,13.747222222222222
314,Whole Year,3268.954296060941,24.851805555555554,40.837222222222216,7.558333333333334
314,Winter,2082.373064260102,25.894222222222222,34.11055555555556,13.237777777777778
316,Autumn,1095.6267035311018,30.525333333333336,43.714444444444446,19.483888888888888
316,Kharif,1352.5546106762356,28.474888888888888,40.61666666666667,16.892222222222223
316,Rabi,40.31081814125732,20.35388888888889,39.26888888888889,6.0344444444444445
316,Summer,417.2063598056082,30.248055555555556,43.70444444444444,13.40388888888889
316,Whole Year,1560.091360395153,25.634444444444444,43.78111111111111,6.0344444444444445
316,Winter,1120.2021557095425,26.480222222222224,35.019444444444446,11.996111111111112
317,Autumn,1134.5149568509723,29.42477777777778,39.68111111111111,23.891666666666666
317,Kharif,1451.8297297292286,28.233,35.48166666666666,20.066111111111113
317,Rabi,96.06471006375634,22.410555555555554,37.21666666666667,9.423333333333334
317,Summer,486.8794046047454,29.508750000000003,39.657222222222224,17.34111111111111
317,Whole Year,1720.0330592216924,26.161435185185187,39.62,9.423333333333334
317,Winter,1200.6599810897476,26.993222222222226,32.58888888888889,15.481666666666667
318,Autumn,1083.8771300553863,29.961444444444446,44.55388888888889,20.839444444444446
318,Kharif,1343.414057387246,27.969222222222225,40.56722222222223,16.994444444444444
318,Rabi,83.26700563894377,20.501444444444445,38.86555555555555,5.807222222222222
318,Summer,466.8420194219798,29.872083333333332,44.46333333333334,13.291111111111112
318,Whole Year,1605.4957152280128,25.448194444444443,44.42111111111112,5.807222222222222
318,Winter,1102.6054333415295,26.240555555555556,34.14055555555555,11.716666666666667
319,Autumn,872.8555369862803,30.56855555555556,44.20777777777778,19.995555555555555
319,Kharif,1110.1505144172243,28.451000000000004,40.82722222222222,17.198333333333334
319,Rabi,53.695689714410236,20.688666666666666,39.485,6.39
319,Summer,379.19551851324456,30.463472222222222,44.18055555555556,13.861666666666666
319,Whole Year,1321.4295147136543,25.80814814814815,44.29333333333333,6.39
319,Winter,921.9062126994961,26.521333333333335,34.855555555555554,12.277222222222223
320,Autumn,875.2301706155142,30.10911111111111,44.29611111111112,20.928888888888892
320,Kharif,1121.9955465078356,28.06855555555556,39.55777777777777,17.605555555555554
320,Rabi,67.2699845040838,21.255555555555553,40.48388888888889,6.447777777777778
320,Summer,405.99758919609917,30.300555555555555,44.24111111111111,14.409444444444444
320,Whole Year,1353.1992766345543,25.852083333333333,44.150555555555556,6.447777777777778
320,Winter,920.936007629335,26.420666666666666,34.13333333333333,12.374444444444444
321,Autumn,952.7907256351577,30.085555555555555,45.60055555555555,19.491666666666667
321,Kharif,1198.5611926239949,27.375666666666667,42.281111111111116,15.616111111111113
321,Rabi,68.8460443874614,20.15222222222222,39.96111111111111,5.484444444444445
321,Summer,353.3829065880014,30.383194444444445,45.55222222222222,13.29277777777778
321,Whole Year,1385.241713621481,25.179027777777776,45.69555555555556,5.484444444444445
321,Winter,986.6444570713987,25.321555555555555,34.20333333333333,10.805555555555555
322,Autumn,823.6692351799596,30.029333333333334,45.099444444444444,19.105
322,Kharif,1065.6148011689936,27.384444444444444,42.30722222222222,15.553333333333333
322,Rabi,54.93848231641782,19.531333333333333,38.925,5.275
322,Summer,273.52017454209704,30.080972222222222,45.11388888888889,12.857777777777777
322,Whole Year,1198.8063929494883,24.873472222222222,45.19611111111111,5.275
322,Winter,894.4022159735084,25.22211111111111,34.36611111111111,10.768333333333333
323,Autumn,799.2114982346279,29.724555555555558,44.275555555555556,18.302777777777777
323,Kharif,1027.6363746490742,26.820444444444448,42.06444444444444,14.666666666666666
323,Rabi,46.728839470177064,18.906,38.16833333333333,4.788333333333333
323,Summer,247.43162138428954,29.817638888888887,44.35055555555555,11.91777777777778
323,Whole Year,1126.5860569366357,24.334722222222222,44.357777777777784,4.788333333333333
323,Winter,850.4204375758353,24.429000000000002,34.23777777777778,10.421666666666667
324,Autumn,914.5327156025364,30.237222222222222,44.44277777777778,19.22722222222222
324,Kharif,1269.769574355196,27.767999999999997,41.76611111111111,15.763333333333334
324,Rabi,44.32236568698728,19.67688888888889,39.31944444444444,5.299444444444444
324,Summer,327.1516446473284,30.233194444444443,44.50888888888889,13.132777777777777
324,Whole Year,1412.2997973148056,25.071620370370372,44.61833333333333,5.299444444444444
324,Winter,1068.1667312896222,25.55977777777778,34.73555555555556,10.876666666666667
325,Autumn,950.5386543280824,30.018888888888892,44.656666666666666,18.720555555555556
325,Kharif,1223.3457727807538,27.41577777777778,42.269444444444446,15.458333333333334
325,Rabi,57.31065767189418,19.102111111111114,38.278888888888886,5.044444444444444
325,Summer,322.5615757503719,29.91722222222222,44.73222222222222,12.349444444444444
325,Whole Year,1377.430549048991,24.67337962962963,44.78388888888889,5.044444444444444
325,Winter,1021.4949997976697,25.151444444444444,34.505,10.595
326,Autumn,1093.3265280807734,30.168777777777777,44.36666666666667,19.273333333333333
326,Kharif,1482.8811311788027,27.88,41.074444444444445,16.09111111111111
326,Rabi,47.00922535484035,20.03066666666667,39.67055555555556,5.635555555555555
326,Summer,415.69937109961,30.15888888888889,44.44555555555556,13.401666666666666
326,Whole Year,1673.8628099243397,25.246296296296297,44.69388888888889,5.635555555555555
326,Winter,1243.007220302191,25.81888888888889,34.56,11.24
327,Autumn,1013.6353520771695,29.86288888888889,45.525000000000006,19.676666666666666
327,Kharif,1256.615733411577,27.11266666666667,41.827777777777776,15.651666666666667
327,Rabi,62.03284004413419,20.648222222222223,40.43111111111111,5.89
327,Summer,402.3186293385095,30.40666666666667,45.465,13.778333333333332
327,Whole Year,1462.2386339236464,25.27787037037037,45.57111111111111,5.89
327,Winter,1014.9179564913114,25.194333333333333,33.695,11.097777777777777
328,Autumn,706.5741088222712,30.79477777777778,45.49722222222223,19.21388888888889
328,Kharif,907.6802259838829,27.584555555555553,43.7,14.802222222222222
328,Rabi,45.013706052054964,19.751777777777775,39.21055555555555,5.486111111111111
328,Summer,154.17172141383506,31.04902777777778,45.58111111111111,12.169444444444444
328,Whole Year,974.7650499791941,25.22222222222222,45.54055555555556,5.486111111111111
328,Winter,786.2402935266081,25.053222222222225,35.919999999999995,10.89611111111111
329,Autumn,852.8089630338881,30.200999999999997,44.42777777777778,18.593888888888888
329,Kharif,1117.1995657558243,27.625999999999998,42.32611111111111,15.41
329,Rabi,34.95075544238918,18.985777777777777,38.03611111111111,4.8694444444444445
329,Summer,267.1965591681914,30.009305555555557,44.54555555555556,12.059999999999999
329,Whole Year,1228.966692235114,24.712268518518517,44.52111111111111,4.8694444444444445
329,Winter,941.3625120500931,25.262222222222224,34.86555555555556,10.44
330,Autumn,995.0816318979141,30.429888888888893,43.94777777777777,19.155
330,Kharif,1324.1630946916562,28.21311111111111,41.165,16.225555555555555
330,Rabi,36.36425880756643,20.100222222222225,39.468888888888884,5.509444444444444
330,Summer,384.84731327949294,30.29486111111111,44.022777777777776,13.105555555555556
330,Whole Year,1503.9899901721487,25.427222222222223,44.275000000000006,5.509444444444444
330,Winter,1097.488103760751,26.121,35.08166666666667,11.345
331,Autumn,854.7552876265513,28.23966666666667,43.281111111111116,17.73888888888889
331,Kharif,1121.3146590391796,25.262555555555554,40.50555555555556,13.696666666666665
331,Rabi,70.95114405549788,18.26422222222222,37.22833333333333,4.398888888888889
331,Summer,268.39010203271,28.595416666666665,43.30222222222223,11.577222222222224
331,Whole Year,1257.7395024229254,23.237638888888892,43.28277777777778,4.398888888888889
331,Winter,947.6135014296956,23.06411111111111,32.254444444444445,9.530555555555557
332,Autumn,854.4101107248829,29.58777777777778,44.153888888888886,17.979444444444443
332,Kharif,1120.8429298627154,26.945444444444444,41.861666666666665,14.868888888888888
332,Rabi,51.85602022534995,18.551888888888886,37.504444444444445,4.572777777777778
332,Summer,285.55611217311684,29.428472222222222,44.24388888888889,11.745555555555555
332,Whole Year,1253.2589757421088,24.166944444444443,44.199444444444445,4.572777777777778
332,Winter,933.3902212243388,24.60611111111111,34.19722222222222,10.285
333,Autumn,970.370645592334,30.216666666666665,44.70666666666667,19.44388888888889
333,Kharif,1293.4920453429222,27.768555555555555,41.821666666666665,16.054444444444446
333,Rabi,57.52097604520343,19.808,39.10444444444445,5.636666666666667
333,Summer,367.9046612583377,30.21263888888889,44.73388888888889,13.378333333333334
333,Whole Year,1468.4635361801418,25.141111111111112,44.86833333333333,5.636666666666667
333,Winter,1077.2824750731663,25.65411111111111,34.577777777777776,11.115
334,Autumn,763.8659823643112,30.332666666666665,44.529444444444444,17.941111111111113
334,Kharif,981.601469013426,27.779444444444447,42.64666666666667,15.242222222222223
334,Rabi,41.491974096538286,18.883,37.67111111111112,4.702222222222222
334,Summer,241.53594266319715,29.998055555555556,44.647777777777776,11.604444444444445
334,Whole Year,1091.3729071049363,24.730046296296294,44.60055555555556,4.702222222222222
334,Winter,822.3981178016573,25.334333333333333,35.50833333333333,10.297222222222222
335,Autumn,836.137777975036,28.334777777777777,42.93277777777777,17.415555555555557
335,Kharif,1084.7880621022648,25.397666666666666,40.532222222222224,13.697777777777778
335,Rabi,68.40205375394888,18.023333333333333,37.007222222222225,3.9383333333333335
335,Summer,266.0955550416752,28.538333333333338,42.99777777777778,10.952777777777778
335,Whole Year,1211.1823541458557,23.170833333333334,42.92166666666667,3.9383333333333335
335,Winter,897.0640964296956,23.11733333333333,32.535,9.862222222222222
336,Autumn,851.1312063744774,28.450666666666663,43.10666666666666,17.577222222222222
336,Kharif,1104.1596189229576,25.579444444444444,40.45944444444444,13.891666666666667
336,Rabi,68.37011187178669,18.21688888888889,37.415,4.111111111111111
336,Summer,269.3580259541394,28.66305555555555,43.14,11.604444444444445
336,Whole Year,1232.6050007239812,23.34037037037037,43.132222222222225,4.111111111111111
336,Winter,916.6809613322494,23.33222222222222,32.403888888888886,9.743333333333332
337,Autumn,998.1480160736376,30.168777777777777,44.36666666666667,19.273333333333333
337,Kharif,1300.9106667483293,27.88,41.074444444444445,16.09111111111111
337,Rabi,44.721583110728744,20.03066666666667,39.67055555555556,5.635555555555555
337,Summer,403.71794799177184,30.15888888888889,44.44555555555556,13.401666666666666
337,Whole Year,1495.5927604932199,25.246296296296297,44.69388888888889,5.635555555555555
337,Winter,1076.7872165223514,25.81888888888889,34.56,11.24
338,Autumn,638.6053502151259,30.650666666666666,45.257777777777775,19.28222222222222
338,Kharif,841.3666467454145,27.50922222222222,43.24944444444444,14.917222222222222
338,Rabi,33.77476000606461,19.89622222222222,39.31888888888889,5.594444444444445
338,Summer,148.0857202841176,30.94694444444444,45.34388888888889,12.462777777777779
338,Whole Year,896.1888065433336,25.22824074074074,45.41388888888889,5.594444444444445
338,Winter,722.1578488115359,25.052666666666667,35.26166666666667,11.03111111111111
339,Autumn,720.1164739653468,29.37755555555556,44.42166666666667,18.599444444444444
339,Kharif,939.4019504570299,26.54888888888889,41.67722222222223,14.745555555555557
339,Rabi,56.99856613969637,19.11488888888889,38.56888888888889,4.924444444444444
339,Summer,246.57390055225954,29.601111111111113,44.47888888888889,12.657222222222224
339,Whole Year,1064.7276968109525,24.271296296296295,44.489999999999995,4.924444444444444
339,Winter,784.2109044717831,24.33422222222222,33.44055555555556,10.411666666666667
340,Autumn,1112.9784292891898,30.429888888888893,43.94777777777777,19.155
340,Kharif,1423.038256227694,28.21311111111111,41.165,16.225555555555555
340,Rabi,43.814437695054544,20.100222222222225,39.468888888888884,5.509444444444444
340,Summer,457.94351552737254,30.29486111111111,44.022777777777776,13.105555555555556
340,Whole Year,1644.5854154881088,25.427222222222223,44.275000000000006,5.509444444444444
340,Winter,1158.9599546881184,26.121,35.08166666666667,11.345
341,Autumn,1006.8887528763324,29.558222222222224,45.349999999999994,19.51
341,Kharif,1230.064114941491,26.599222222222224,41.86944444444444,15.263333333333334
341,Rabi,71.64999847321047,20.665888888888887,40.08888888888889,6.135555555555555
341,Summer,375.08449180617373,30.280694444444446,45.33555555555555,13.746666666666666
341,Whole Year,1416.1046761352982,25.06587962962963,45.47,6.135555555555555
341,Winter,980.7939629742391,24.669777777777778,33.035555555555554,11.161111111111111
342,Autumn,900.2375634974212,29.871333333333332,45.529444444444444,19.453333333333333
342,Kharif,1151.8257901479524,26.694111111111113,42.601111111111116,14.972777777777777
342,Rabi,59.468015747903664,20.152,39.29833333333333,5.842777777777778
342,Summer,250.46558142556913,30.53541666666667,45.56055555555556,13.260555555555555
342,Whole Year,1277.1385701549134,24.966157407407408,45.623333333333335,5.842777777777778
342,Winter,987.2014955759599,24.545,33.946666666666665,10.571666666666665
343,Autumn,969.838693447273,29.558222222222224,45.349999999999994,19.51
343,Kharif,1180.4968959639468,26.599222222222224,41.86944444444444,15.263333333333334
343,Rabi,71.28106410925587,20.665888888888887,40.08888888888889,6.135555555555555
343,Summer,379.1094023062399,30.280694444444446,45.33555555555555,13.746666666666666
343,Whole Year,1380.9327018423764,25.06587962962963,45.47,6.135555555555555
343,Winter,957.0194462056237,24.669777777777778,33.035555555555554,11.161111111111111
344,Autumn,1002.8788471288151,30.173555555555556,46.07111111111111,21.45388888888889
344,Kharif,1257.7849064800475,27.189444444444447,42.16166666666666,16.81888888888889
344,Rabi,56.21034835554935,22.108333333333334,41.06777777777778,7.898888888888889
344,Summer,325.98124379871615,31.244305555555556,46.09722222222222,15.929444444444446
344,Whole Year,1413.3724404024304,26.079027777777778,46.12888888888889,7.898888888888889
344,Winter,1051.8850322287117,25.430777777777777,33.19166666666667,12.386111111111111
345,Autumn,1026.9942489918321,30.710888888888892,46.586666666666666,20.82
345,Kharif,1281.1779583448338,27.212333333333333,43.61,16.18277777777778
345,Rabi,48.394887157198454,22.00877777777778,41.02611111111111,7.505
345,Summer,274.23809678728384,31.97097222222222,46.615,14.717777777777778
345,Whole Year,1381.2663181314451,26.22712962962963,46.754999999999995,7.505
345,Winter,1083.0733408137328,25.258333333333333,34.42277777777778,11.903333333333332
346,Autumn,1060.2771710076265,29.706777777777777,43.29833333333333,22.77777777777778
346,Kharif,1454.719750026862,27.995555555555555,38.57944444444444,19.723333333333333
346,Rabi,93.20039132303663,22.627333333333336,39.55888888888889,10.176666666666668
346,Summer,464.22075651105905,30.06861111111111,43.272777777777776,18.051111111111112
346,Whole Year,1711.348482727839,26.30625,43.13,10.176666666666668
346,Winter,1203.879336890247,26.650333333333336,32.99777777777778,15.405555555555557
347,Autumn,1231.955194495963,31.106333333333332,46.94666666666667,21.12611111111111
347,Kharif,1551.1817033951756,27.64577777777778,43.96944444444445,16.541666666666668
347,Rabi,62.796956557573544,22.342333333333332,41.19277777777778,7.616666666666666
347,Summer,287.47492401088,32.336527777777775,46.971111111111114,14.852222222222224
347,Whole Year,1661.0730017535386,26.600833333333334,47.004444444444445,7.616666666666666
347,Winter,1334.2534010945647,25.662,34.435,12.105555555555556
348,Autumn,996.9158085801258,29.409666666666666,40.529444444444444,24.137222222222224
348,Kharif,1387.861023743947,28.285666666666668,36.07111111111111,22.451666666666668
348,Rabi,89.09060323838557,23.679111111111112,37.45166666666667,13.907777777777778
348,Summer,412.7732084968851,29.564999999999998,40.53277777777778,20.40777777777778
348,Whole Year,1629.7118316017504,26.726296296296297,40.400000000000006,13.907777777777778
348,Winter,1167.9713893311305,27.278333333333332,32.29666666666667,18.83111111111111
349,Autumn,966.2146755521771,30.022555555555552,45.715,20.679444444444446
349,Kharif,1248.5015884991044,26.683222222222224,42.376666666666665,16.568333333333335
349,Rabi,61.90784767773692,21.893777777777775,40.335,8.357222222222223
349,Summer,259.50748442244475,31.309583333333332,45.745,15.407222222222222
349,Whole Year,1383.643807867542,25.82953703703704,45.78055555555555,8.357222222222223
349,Winter,1087.5285351152222,24.84755555555556,33.29777777777778,12.414444444444445
350,Autumn,1164.5381060875952,30.149555555555555,46.041666666666664,22.704444444444444
350,Kharif,1517.3354332060726,27.677888888888887,41.215555555555554,17.735
350,Rabi,74.36958314740546,22.728666666666665,41.08444444444444,8.654444444444444
350,Summer,372.37209595891613,30.977777777777778,45.96666666666667,17.34
350,Whole Year,1729.5839677853164,26.42736111111111,45.855555555555554,8.654444444444444
350,Winter,1322.7475557132036,26.095333333333333,33.71055555555555,13.342777777777776
351,Autumn,1125.1876667035215,29.781555555555556,45.59777777777778,20.267222222222223
351,Kharif,1385.787450812481,26.786444444444445,42.114999999999995,15.995555555555557
351,Rabi,63.68038048402026,21.506666666666668,40.34888888888889,7.044444444444444
351,Summer,341.7598178728403,30.78194444444445,45.632777777777775,14.652222222222223
351,Whole Year,1535.043044662402,25.585833333333333,45.73777777777778,7.044444444444444
351,Winter,1155.2958164491035,24.96388888888889,32.80111111111111,11.711666666666666
352,Autumn,1081.3851420162246,29.85311111111111,45.79777777777778,21.560555555555553
352,Kharif,1392.2565633720822,27.185333333333332,41.503888888888895,17.198888888888888
352,Rabi,72.06691297091957,22.24833333333333,41.09722222222222,8.195
352,Summer,395.46349417169887,30.77375,45.791666666666664,16.440555555555555
352,Whole Year,1607.751507397948,26.01939814814815,45.812222222222225,8.195
352,Winter,1173.6482127470274,25.562555555555555,33.09166666666667,12.742777777777778
353,Autumn,680.1380898558224,28.790444444444447,41.55111111111111,22.723333333333333
353,Kharif,1008.6311867502001,26.96077777777778,37.16722222222222,19.480555555555554
353,Rabi,120.37453544843528,23.391666666666666,38.095555555555556,12.537777777777778
353,Summer,284.6483612742482,29.46847222222222,41.471666666666664,19.755
353,Whole Year,1229.264603502945,26.07865740740741,41.42333333333333,12.537777777777778
353,Winter,921.5009158381986,25.742666666666665,32.21666666666667,15.697777777777778
354,Autumn,766.2904002438817,29.71066666666667,40.632777777777775,24.654444444444444
354,Kharif,1108.3188204986077,28.20388888888889,36.90166666666667,21.778888888888886
354,Rabi,107.49371419943593,24.405555555555555,37.035,14.220555555555556
354,Summer,249.5071287413162,30.20069444444444,40.55555555555556,21.583333333333332
354,Whole Year,1295.9370998130353,27.11986111111111,40.47833333333333,14.220555555555556
354,Winter,1016.6428975153162,27.089333333333332,32.55944444444444,18.199444444444442
355,Autumn,1009.4285347367877,29.325222222222223,38.254444444444445,24.950555555555557
355,Kharif,1433.9519572611207,28.281666666666666,34.96,22.041666666666668
355,Rabi,95.41901621305279,24.262777777777778,35.57055555555556,14.684999999999999
355,Summer,294.3571986942379,29.510833333333338,38.148888888888884,21.76111111111111
355,Whole Year,1632.5279094303646,26.927777777777777,38.102222222222224,14.684999999999999
355,Winter,1300.710933021925,27.267666666666667,31.936666666666667,18.654444444444444
356,Autumn,1074.089194541176,29.91,45.922222222222224,21.966666666666665
356,Kharif,1417.1145533935892,27.52011111111111,40.778888888888886,18.051666666666666
356,Rabi,80.77694248759911,22.907555555555557,41.412777777777784,9.274999999999999
356,Summer,414.7220450184411,30.757777777777775,45.84,17.723333333333333
356,Whole Year,1657.4605081306977,26.39296296296296,45.72944444444445,9.274999999999999
356,Winter,1200.644209706121,26.047,33.455555555555556,13.702777777777778
357,Autumn,1031.919428779847,30.710333333333338,45.70222222222222,20.53944444444444
357,Kharif,1274.6792414828583,27.445666666666668,43.178333333333335,16.08388888888889
357,Rabi,61.067931504023285,21.200666666666663,39.44833333333334,6.877222222222223
357,Summer,264.283661449397,31.55083333333333,45.75,14.216666666666667
357,Whole Year,1385.4914718542109,25.895833333333332,45.833888888888886,6.877222222222223
357,Winter,1086.4564538288998,25.323444444444444,34.41,11.535
358,Autumn,1041.3685488118617,29.830666666666666,45.595,20.577222222222222
358,Kharif,1291.1413213250537,26.485666666666667,42.03777777777778,16.477777777777778
358,Rabi,43.15038174308008,22.038444444444444,40.69444444444444,8.791111111111112
358,Summer,276.5110692254923,31.202916666666667,45.62166666666666,15.681666666666665
358,Whole Year,1405.4033843034672,25.781712962962963,45.67277777777778,8.791111111111112
358,Winter,1108.951563956837,24.703555555555557,33.43277777777777,12.411666666666667
359,Autumn,841.0401284444249,28.629,44.330000000000005,20.334444444444443
359,Kharif,1162.9537112149928,25.683555555555554,39.757222222222225,16.38111111111111
359,Rabi,99.8970935439898,21.572777777777777,39.916666666666664,8.387222222222222
359,Summer,287.2162014263579,29.839305555555555,44.34777777777778,15.915555555555557
359,Whole Year,1360.0964806620032,24.979074074074074,44.28666666666666,8.387222222222222
359,Winter,1037.6112303516518,24.071666666666665,31.647777777777776,12.126666666666667
360,Autumn,1034.7163313386134,29.90233333333333,44.52666666666667,23.11888888888889
360,Kharif,1447.8612336383926,27.868555555555556,39.224444444444444,18.74111111111111
360,Rabi,95.42990382507236,23.360666666666667,40.43277777777777,10.215
360,Summer,358.3252954935241,30.588055555555556,44.392222222222216,18.70777777777778
360,Whole Year,1673.7649507082274,26.648842592592594,44.23833333333333,10.215
360,Winter,1271.034938371585,26.478333333333335,33.51777777777778,14.533888888888889
361,Autumn,1012.6984237209882,29.064444444444444,44.765,20.087222222222223
361,Kharif,1236.6074218580752,26.355555555555554,41.031111111111116,15.981666666666667
361,Rabi,74.73015789512867,21.286777777777775,40.111111111111114,6.959444444444444
361,Summer,412.085848396575,29.93680555555555,44.767222222222216,14.757777777777777
361,Whole Year,1458.1664645429928,25.138796296296295,44.809444444444445,6.959444444444444
361,Winter,1006.3492537597538,24.669333333333334,32.21944444444445,11.655
362,Autumn,1024.502088829185,29.717666666666666,41.83611111111111,24.357777777777777
362,Kharif,1384.903786300509,28.138555555555556,37.71055555555555,20.39333333333333
362,Rabi,67.26895043426366,23.826,37.77055555555555,11.905555555555557
362,Summer,287.4348433139147,30.175416666666667,41.685,20.351666666666667
362,Whole Year,1548.0355697076216,26.848287037037036,41.63055555555556,11.905555555555557
362,Winter,1233.0884494040574,26.91322222222222,32.739999999999995,16.535555555555554
363,Autumn,1045.6003946828896,25.948,40.23388888888889,18.71611111111111
363,Kharif,1330.2747111784088,23.342666666666666,35.58888888888889,14.367777777777778
363,Rabi,76.19451921391817,20.554777777777776,37.279444444444444,7.774444444444445
363,Summer,364.77406334946,27.31722222222222,40.217777777777776,15.597222222222221
363,Whole Year,1513.5652592866509,23.11875,40.275555555555556,7.774444444444445
363,Winter,1135.600118451786,22.082666666666668,29.176666666666662,10.316666666666666
364,Autumn,1010.7847181696582,28.672888888888888,43.80166666666666,20.98111111111111
364,Kharif,1290.9497238736094,25.78377777777778,39.538333333333334,16.240555555555556
364,Rabi,90.25119646560445,23.072,40.26222222222222,9.777222222222223
364,Summer,381.19544742385176,30.296805555555554,43.784444444444446,17.65111111111111
364,Whole Year,1510.7995851150727,25.703194444444442,43.91555555555556,9.777222222222223
364,Winter,1121.9390892032764,24.425333333333334,31.99055555555556,12.30888888888889
365,Autumn,1092.4729099737274,28.51233333333333,43.89388888888889,19.081666666666667
365,Kharif,1404.4709041582214,25.95488888888889,39.934444444444445,15.274444444444445
365,Rabi,80.79843043804996,20.255444444444446,39.32555555555555,6.114999999999999
365,Summer,462.7207086634719,29.135416666666668,43.86055555555556,13.652222222222223
365,Whole Year,1661.57889965694,24.396527777777777,43.903888888888886,6.114999999999999
365,Winter,1160.2357161818072,24.21722222222222,32.08277777777778,11.046666666666667
366,Autumn,1349.5082434991857,27.217666666666666,42.047222222222224,19.261666666666667
366,Kharif,1648.9383740988042,24.333444444444446,37.89333333333334,14.74
366,Rabi,48.09784130041522,20.876333333333335,38.12555555555556,7.971666666666668
366,Summer,392.11305478670533,28.585972222222225,42.04388888888889,15.680555555555555
366,Whole Year,1775.1824695062305,23.911712962962962,42.20333333333333,7.971666666666668
366,Winter,1376.84956251002,22.87211111111111,30.568333333333335,10.578333333333333
367,Autumn,1051.5830122504244,30.035777777777778,44.720555555555556,23.125
367,Kharif,1390.9461535215378,27.654555555555554,39.97,18.895555555555557
367,Rabi,76.66331838609443,23.28988888888889,40.24888888888889,10.178888888888888
367,Summer,333.9038205184042,30.925416666666667,44.63388888888889,18.750555555555554
367,Whole Year,1585.2329509677709,26.632175925925925,44.55111111111111,10.178888888888888
367,Winter,1220.7092828206994,26.18777777777778,33.248333333333335,14.63388888888889
368,Autumn,973.5003496074567,29.798333333333332,45.335,20.125555555555554
368,Kharif,1198.2903089740394,26.272444444444446,42.74666666666667,15.575555555555557
368,Rabi,31.79270152756829,21.481,40.02444444444444,7.34611111111111
368,Summer,253.5569588081152,31.161666666666665,45.370555555555555,14.563333333333333
368,Whole Year,1272.7186625688164,25.472685185185185,45.565,7.34611111111111
368,Winter,1008.3497030689944,24.356,33.281666666666666,11.828888888888889
369,Autumn,908.6810130162371,29.717666666666666,41.83611111111111,24.357777777777777
369,Kharif,1276.036580260153,28.138555555555556,37.71055555555555,20.39333333333333
369,Rabi,79.56483945498864,23.826,37.77055555555555,11.905555555555557
369,Summer,252.68333499437125,30.175416666666667,41.685,20.351666666666667
369,Whole Year,1433.0001158802597,26.848287037037036,41.63055555555556,11.905555555555557
369,Winter,1149.7695016038638,26.91322222222222,32.739999999999995,16.535555555555554
370,Autumn,807.8461445818344,28.57988888888889,44.284444444444446,20.268888888888892
370,Kharif,1063.0235752926933,25.623666666666665,39.94388888888889,16.33111111111111
370,Rabi,102.09373715954523,22.00011111111111,40.13666666666667,8.795555555555556
370,Summer,333.2924132924527,29.90777777777778,44.28666666666666,16.61
370,Whole Year,1290.5929447604965,25.13546296296296,44.212777777777774,8.795555555555556
370,Winter,929.8441159443723,24.072666666666667,32.03,12.116111111111111
371,Autumn,1077.1526323896314,30.447999999999997,46.117777777777775,20.29222222222222
371,Kharif,1345.7938127633597,27.224444444444444,42.98722222222222,15.954444444444444
371,Rabi,60.73178846306271,21.57411111111111,40.48888888888889,6.684444444444445
371,Summer,274.3851493880567,31.494166666666665,46.138333333333335,14.158888888888889
371,Whole Year,1449.7001926791336,25.944212962962965,46.22,6.684444444444445
371,Winter,1145.5902299963766,25.253444444444444,33.62166666666666,11.38
372,Autumn,1107.7788328959916,31.106333333333332,46.94666666666667,21.12611111111111
372,Kharif,1412.6993276592757,27.64577777777778,43.96944444444445,16.541666666666668
372,Rabi,55.00048257265654,22.342333333333332,41.19277777777778,7.616666666666666
372,Summer,268.2419389772953,32.336527777777775,46.971111111111114,14.852222222222224
372,Whole Year,1524.7696736011032,26.600833333333334,47.004444444444445,7.616666666666666
372,Winter,1220.7358927395608,25.662,34.435,12.105555555555556
373,Autumn,977.9596669506282,30.710333333333338,45.70222222222222,20.53944444444444
373,Kharif,1201.341899568008,27.445666666666668,43.178333333333335,16.08388888888889
373,Rabi,57.71954560424719,21.200666666666663,39.44833333333334,6.877222222222223
373,Summer,263.23136810296114,31.55083333333333,45.75,14.216666666666667
373,Whole Year,1314.0397574425572,25.895833333333332,45.833888888888886,6.877222222222223
373,Winter,1012.6626554982116,25.323444444444444,34.41,11.535
374,Autumn,1111.4866943193806,28.03322222222222,43.333333333333336,19.799444444444443
374,Kharif,1342.083738244242,25.076333333333334,39.275555555555556,15.09
374,Rabi,64.59793364039312,21.456333333333333,39.156666666666666,7.977777777777778
374,Summer,393.9904735895495,29.442222222222224,43.36222222222222,15.839444444444446
374,Whole Year,1529.6614573369216,24.612175925925925,43.605,7.977777777777778
374,Winter,1128.3618841664866,23.552888888888887,31.5,10.919444444444444
375,Autumn,872.8167782759087,31.239,47.13722222222222,20.18
375,Kharif,1125.556640100148,27.52677777777778,45.18055555555556,14.672222222222224
375,Rabi,72.51675186171714,21.651666666666667,41.129444444444445,6.594444444444445
375,Summer,203.91598869591124,32.38722222222222,47.21222222222222,13.776111111111112
375,Whole Year,1227.3275138943766,26.264675925925925,47.28277777777778,6.594444444444445
375,Winter,985.9185210565726,25.234666666666666,35.33722222222222,10.843333333333334
376,Autumn,1095.6503348309134,28.216444444444445,43.785,19.91611111111111
376,Kharif,1366.5173658596145,25.305444444444444,39.784444444444446,15.212777777777777
376,Rabi,58.803656493624054,22.308222222222224,39.86833333333333,8.511666666666667
376,Summer,303.80434254412023,29.769722222222224,43.835,16.26388888888889
376,Whole Year,1499.6877013585633,25.101898148148152,44.03,8.511666666666667
376,Winter,1188.514615625764,23.86111111111111,31.995555555555555,11.34611111111111
377,Autumn,951.2622640366078,29.809111111111108,45.22,20.192777777777778
377,Kharif,1161.249626439111,26.23188888888889,42.82,15.42111111111111
377,Rabi,37.42371033224059,21.579333333333334,39.78333333333333,7.541111111111111
377,Summer,246.59973754269288,31.22222222222222,45.26611111111111,14.569444444444445
377,Whole Year,1228.4456275690025,25.508055555555554,45.46611111111111,7.541111111111111
377,Winter,966.1965930458204,24.29577777777778,33.050555555555555,12.151111111111112
378,Autumn,886.8963767784751,30.694111111111113,46.47611111111111,20.037222222222223
378,Kharif,1102.296890563435,26.956666666666667,44.24055555555556,14.801111111111112
378,Rabi,49.77420000990646,21.736333333333334,40.66388888888889,6.752222222222222
378,Summer,236.32252049963506,32.06708333333333,46.51777777777777,13.916666666666666
378,Whole Year,1180.5083762099966,26.03185185185185,46.63944444444444,6.752222222222222
378,Winter,921.2743910941192,24.843222222222224,33.89333333333334,11.126666666666667
379,Autumn,902.3897415633415,31.13111111111111,47.007777777777775,19.702777777777776
379,Kharif,1170.8554836531616,27.584444444444443,44.91222222222222,14.655555555555557
379,Rabi,55.996859954601085,20.902666666666665,40.23722222222222,5.8438888888888885
379,Summer,196.46694891906722,31.984583333333333,47.05555555555556,12.868888888888888
379,Whole Year,1249.6364957548126,25.91601851851852,47.11222222222222,5.8438888888888885
379,Winter,1020.1644195448607,25.223555555555556,35.42055555555555,10.457222222222223
380,Autumn,933.9423526267027,28.12911111111111,43.02222222222222,17.471111111111114
380,Kharif,1197.3259497681333,25.113222222222223,40.70722222222222,13.382222222222222
380,Rabi,68.73777048533529,18.09111111111111,36.78722222222222,4.198888888888889
380,Summer,267.2842703126831,28.46388888888889,43.07222222222222,11.086111111111112
380,Whole Year,1324.393389460343,23.085185185185185,42.98388888888889,4.198888888888889
380,Winter,1008.992593449529,22.88522222222222,32.516666666666666,9.428333333333335
381,Autumn,1048.417728677254,28.632888888888893,44.199444444444445,19.706666666666667
381,Kharif,1318.7498062403388,25.297,41.02166666666667,14.643888888888888
381,Rabi,44.60119682239989,21.38222222222222,39.39722222222222,7.606666666666666
381,Summer,240.86082901198552,30.15986111111111,44.24944444444444,14.725555555555555
381,Whole Year,1390.6210368394989,24.824953703703706,44.41777777777778,7.606666666666666
381,Winter,1144.2214569009288,23.54511111111111,31.694444444444443,11.164444444444445
382,Autumn,842.8202889231205,30.440777777777775,46.09,19.925555555555558
382,Kharif,1078.1582462551694,26.775,44.17888888888889,14.565000000000001
382,Rabi,71.36691687111225,21.55211111111111,40.41833333333333,7.007222222222222
382,Summer,201.83083043778657,31.66333333333333,46.18055555555556,13.966111111111111
382,Whole Year,1171.8690873485195,25.782685185185183,46.315,7.007222222222222
382,Winter,939.6006531736089,24.64,34.21333333333334,11.151111111111112
383,Autumn,944.8144377732856,30.472888888888885,46.121111111111105,19.16
383,Kharif,1228.2835517191775,27.054111111111112,44.18,14.148888888888889
383,Rabi,65.40449496413822,20.41622222222222,39.778888888888886,5.657777777777778
383,Summer,216.88370251524503,31.238888888888887,46.18,12.777222222222223
383,Whole Year,1317.5759117695054,25.338379629629628,46.155,5.657777777777778
383,Winter,1059.1407587663443,24.684222222222225,34.79,10.046111111111111
384,Autumn,914.4000773826543,29.909222222222223,45.31333333333333,18.508333333333333
384,Kharif,1161.608170326109,26.578777777777777,43.529444444444444,13.852222222222222
384,Rabi,74.41179615134993,20.084111111111113,39.28722222222222,5.3405555555555555
384,Summer,209.62840121391193,30.593333333333337,45.35388888888889,12.481111111111112
384,Whole Year,1266.3471009981024,24.870925925925928,45.445,5.3405555555555555
384,Winter,1003.4942374188039,24.22855555555556,34.42166666666667,10.112222222222222
385,Autumn,926.2142349055243,30.514444444444443,46.18555555555556,20.174444444444443
385,Kharif,1143.9043369451192,26.861555555555555,43.90222222222222,15.158333333333335
385,Rabi,41.08951379993447,21.49811111111111,40.21055555555555,6.571111111111112
385,Summer,236.93338325688683,31.75944444444444,46.205555555555556,13.764444444444443
385,Whole Year,1218.3758079673817,25.841620370370368,46.357777777777784,6.571111111111112
385,Winter,962.414233100566,24.78222222222222,34.13111111111111,11.125
386,Autumn,1013.7253494744223,30.96033333333333,46.61611111111111,20.28333333333333
386,Kharif,1268.8038795281338,27.521333333333335,44.36055555555556,15.471111111111112
386,Rabi,56.315406132282476,21.158666666666665,39.91722222222222,6.644444444444444
386,Summer,269.4595114585978,31.83763888888889,46.654444444444444,13.684444444444445
386,Whole Year,1373.325487822639,25.96837962962963,46.724999999999994,6.644444444444444
386,Winter,1070.9050415886772,25.294333333333334,34.92277777777778,11.166111111111112
387,Autumn,862.744905412887,31.244444444444444,47.11555555555556,20.03666666666667
387,Kharif,1085.5892789494935,27.48488888888889,45.12,14.573333333333332
387,Rabi,38.28625169920701,21.616555555555557,41.263888888888886,6.053888888888888
387,Summer,213.73923641981347,32.45263888888889,47.16,13.390555555555556
387,Whole Year,1140.7757042218689,26.261388888888888,47.26555555555555,6.053888888888888
387,Winter,909.525027182781,25.217666666666666,35.062222222222225,10.461666666666666
388,Autumn,937.443422537159,30.412777777777777,46.45722222222222,20.205
388,Kharif,1155.274648198375,26.665888888888887,44.07111111111111,14.698888888888888
388,Rabi,62.073280000714234,22.183888888888887,40.75666666666667,7.503888888888889
388,Summer,242.20974460782276,31.967499999999998,46.523888888888884,14.578333333333335
388,Whole Year,1244.6040204810322,26.07449074074074,46.59166666666667,7.503888888888889
388,Winter,973.4893498060604,24.670444444444442,33.47833333333333,11.244444444444445
389,Autumn,889.4765313077304,28.774555555555555,43.82111111111111,17.769444444444446
389,Kharif,1159.9087823430698,25.605222222222224,41.88722222222222,13.467222222222222
389,Rabi,73.15274047034069,18.88788888888889,37.8,4.615555555555556
389,Summer,240.50394847492376,29.30847222222222,43.858333333333334,11.633333333333333
389,Whole Year,1262.6361661570975,23.757916666666667,43.83166666666667,4.615555555555556
389,Winter,970.9004534078348,23.318444444444445,33.06555555555556,9.631111111111112
390,Autumn,877.5945370423573,29.15888888888889,44.32833333333333,17.70888888888889
390,Kharif,1125.4654190065683,25.852,42.52,13.372222222222222
390,Rabi,83.26208069607799,19.317999999999998,38.36555555555556,4.5811111111111105
390,Summer,223.500302899031,29.77180555555556,44.39833333333333,11.595
390,Whole Year,1245.8143974862714,24.11523148148148,44.455555555555556,4.5811111111111105
390,Winter,974.6713380603879,23.526555555555557,33.403888888888886,9.842222222222222
391,Autumn,686.478899068613,31.044333333333334,45.782222222222224,18.32
391,Kharif,849.4737951916953,27.727444444444444,44.416111111111114,14.506666666666668
391,Rabi,43.66652399736146,19.962444444444444,39.583333333333336,5.005
391,Summer,129.5452421741146,31.441944444444445,45.91777777777778,11.503888888888888
391,Whole Year,898.1855392804783,25.44726851851852,45.92166666666667,5.005
391,Winter,732.8200156030556,25.215,37.37555555555556,10.734444444444444
392,Autumn,958.9991683041056,29.432444444444442,45.075,19.197222222222223
392,Kharif,1198.0819515254761,25.831444444444443,43.013888888888886,13.750555555555556
392,Rabi,82.36491108727124,21.073333333333334,39.63944444444444,6.551111111111111
392,Summer,219.74981799949376,30.67027777777778,45.169444444444444,13.215
392,Whole Year,1301.137519252383,25.026851851851852,45.232777777777784,6.551111111111111
392,Winter,1040.5136445633445,23.834333333333333,33.00055555555556,10.69
393,Autumn,562.7788158611015,29.907333333333334,45.211666666666666,19.225555555555555
393,Kharif,742.2842467119572,26.968444444444444,42.24888888888889,15.115555555555554
393,Rabi,24.075990233363378,22.997888888888887,41.22222222222222,7.642777777777777
393,Summer,119.09298540624202,31.103055555555557,45.31388888888889,13.876666666666667
393,Whole Year,770.7949244703545,26.31800925925926,45.267222222222216,7.642777777777777
393,Winter,640.378834719873,25.429111111111112,35.58722222222222,11.943888888888889
394,Autumn,821.7771789354997,28.761555555555553,43.818333333333335,18.638333333333335
394,Kharif,1057.264440384176,25.373333333333335,41.486666666666665,13.925555555555555
394,Rabi,74.54380148587127,21.296222222222223,38.96277777777778,7.031666666666666
394,Summer,173.73529974909292,30.049999999999997,43.97,12.749444444444444
394,Whole Year,1142.4769172999595,24.813194444444445,43.91833333333333,7.031666666666666
394,Winter,940.2707240531842,23.604666666666667,32.468888888888884,11.425555555555555
395,Autumn,512.2872676836947,33.425444444444445,47.666111111111114,18.10388888888889
395,Kharif,642.4245272600609,30.69644444444445,46.82055555555556,15.87388888888889
395,Rabi,40.6121979398239,19.619666666666667,40.10611111111111,3.6877777777777774
395,Summer,92.03126238234755,32.60458333333333,47.75277777777777,10.89111111111111
395,Whole Year,695.2924722312018,26.67337962962963,47.81388888888889,3.6877777777777774
395,Winter,568.8615411116431,27.702333333333332,41.949444444444445,9.788333333333334
396,Autumn,825.7282631177868,30.193,45.045,18.281666666666666
396,Kharif,1006.8983797086746,26.858888888888888,43.041111111111114,14.275555555555554
396,Rabi,58.604511134671384,20.38511111111111,39.36222222222222,5.3261111111111115
396,Summer,167.55749310497882,30.968194444444446,45.196666666666665,11.781666666666666
396,Whole Year,1078.6068264902742,25.20041666666667,45.20611111111111,5.3261111111111115
396,Winter,880.7986775050973,24.62377777777778,35.64055555555555,10.638333333333334
397,Autumn,601.9372684634808,30.210444444444445,45.68222222222222,19.473333333333333
397,Kharif,793.3599161878228,26.866111111111113,42.733333333333334,14.933333333333334
397,Rabi,40.28251541198956,23.017,41.22333333333333,7.633333333333334
397,Summer,150.66771175050073,31.544305555555557,45.82333333333333,13.744444444444445
397,Whole Year,844.0953084170404,26.392824074074074,45.79388888888889,7.633333333333334
397,Winter,677.4380582964254,25.18466666666667,34.89888888888889,12.095
398,Autumn,731.646021325624,32.21911111111111,46.855555555555554,18.645
398,Kharif,944.2503661074572,28.918333333333333,45.72833333333333,14.835555555555556
398,Rabi,58.2231668640204,20.03944444444444,40.11,5.048333333333334
398,Summer,163.62537088548692,32.27875,46.958333333333336,11.463333333333333
398,Whole Year,1017.3550209449947,26.101527777777775,46.96722222222222,5.048333333333334
398,Winter,820.551030660531,26.169333333333334,38.97222222222222,10.488333333333333
399,Autumn,848.9238511411312,28.88155555555555,44.09111111111111,18.924444444444443
399,Kharif,1121.0318033077099,25.349333333333334,41.80388888888889,13.51
399,Rabi,83.40291781162405,20.981444444444445,39.03388888888889,6.623333333333333
399,Summer,185.27005661380144,30.150972222222222,44.208888888888886,13.06
399,Whole Year,1219.639906587792,24.69796296296296,44.21166666666667,6.623333333333333
399,Winter,997.2774296020284,23.463,32.61666666666667,10.84
400,Autumn,834.1281651460829,30.989999999999995,46.034444444444446,18.641111111111112
400,Kharif,1031.7150361578406,27.465444444444444,44.58277777777778,14.029444444444444
400,Rabi,53.78560745973646,19.920333333333335,39.73888888888889,5.256666666666667
400,Summer,193.86952027186382,31.53097222222222,46.13,11.580555555555556
400,Whole Year,1099.0861690932952,25.361574074074074,46.12277777777778,5.256666666666667
400,Winter,876.3195775065709,24.929111111111112,36.736111111111114,10.405
401,Autumn,536.3936717040423,33.19477777777777,47.54333333333333,18.383888888888887
401,Kharif,667.7307064664653,30.29511111111111,46.63333333333333,15.809444444444445
401,Rabi,37.4853989502622,19.929111111111112,40.24666666666667,4.296111111111111
401,Summer,97.57727400389396,32.63708333333333,47.60277777777778,11.14111111111111
401,Whole Year,715.5602650514079,26.650879629629628,47.67722222222222,4.296111111111111
401,Winter,588.0706632531559,27.389444444444443,41.31388888888889,10.364444444444445
402,Autumn,697.2801436563194,29.77733333333333,44.71888888888889,18.65
402,Kharif,886.1161607301069,26.56,42.70777777777778,14.145000000000001
402,Rabi,37.91217485463453,21.134777777777778,39.922222222222224,6.110555555555555
402,Summer,126.99450096232746,30.73263888888889,44.87611111111111,12.485
402,Whole Year,928.1716902033872,25.340462962962963,44.84166666666667,6.110555555555555
402,Winter,788.1746383415604,24.629,35.607777777777784,10.892777777777777
403,Autumn,640.0508501657318,29.860444444444447,45.031666666666666,19.220555555555556
403,Kharif,855.5227828412144,26.974,42.53722222222222,15.282222222222222
403,Rabi,19.364919304226834,22.72522222222222,40.89055555555555,7.976666666666666
403,Summer,121.23807593504034,30.970416666666665,45.138333333333335,13.982777777777777
403,Whole Year,880.8668054351928,26.179444444444442,45.13666666666667,7.976666666666666
403,Winter,753.222593591169,25.39611111111111,35.82388888888889,12.304444444444444
404,Autumn,874.7312134492936,29.227666666666664,44.54944444444445,17.715555555555554
404,Kharif,1071.0042280008395,25.773444444444447,42.81777777777778,13.318333333333333
404,Rabi,74.45230763333126,19.475111111111108,38.482777777777784,4.8261111111111115
404,Summer,211.67713342938157,30.005000000000003,44.64888888888889,11.446666666666665
404,Whole Year,1168.455553496153,24.211944444444445,44.65777777777778,4.8261111111111115
404,Winter,921.3937027106682,23.471222222222224,33.37166666666667,10.099444444444444
405,Autumn,682.2599571661816,30.47711111111111,46.02166666666667,19.70111111111111
405,Kharif,867.9556195986354,27.031777777777776,43.48111111111111,15.100000000000001
405,Rabi,34.02061047225638,23.00511111111111,41.21,7.967222222222222
405,Summer,138.36844194066467,31.84597222222222,46.18,13.604444444444445
405,Whole Year,909.6705185174251,26.513703703703705,46.153333333333336,7.967222222222222
405,Winter,755.6239252809987,25.253111111111114,34.824444444444445,12.609444444444444
406,Autumn,755.2751476585313,30.446111111111108,45.11388888888889,17.55777777777778
406,Kharif,894.5044658317886,27.280777777777775,43.72555555555555,13.998333333333333
406,Rabi,49.21210508260094,19.74688888888889,39.065555555555555,4.649444444444445
406,Summer,159.15585194298146,30.814305555555556,45.235,11.246111111111112
406,Whole Year,954.3579165328891,25.053055555555556,45.294999999999995,4.649444444444445
406,Winter,765.275282230918,24.866444444444443,36.916111111111114,10.319444444444445
407,Autumn,601.2295684179774,32.660333333333334,46.87888888888889,17.981111111111108
407,Kharif,728.3028656776165,29.790666666666667,45.95611111111111,15.637222222222224
407,Rabi,48.537001221544216,19.704555555555558,39.65611111111111,4.227222222222222
407,Summer,116.9632748633071,32.154583333333335,46.94555555555556,10.84611111111111
407,Whole Year,789.8422466358514,26.266712962962963,47.02333333333333,4.227222222222222
407,Winter,639.2565887852537,26.965777777777777,40.89277777777778,10.578333333333333
408,Autumn,870.296576651296,30.47711111111111,46.02166666666667,19.70111111111111
408,Kharif,1084.668881640252,27.031777777777776,43.48111111111111,15.100000000000001
408,Rabi,53.05197319319402,23.00511111111111,41.21,7.967222222222222
408,Summer,157.504672817196,31.84597222222222,46.18,13.604444444444445
408,Whole Year,1145.8614670834331,26.513703703703705,46.153333333333336,7.967222222222222
408,Winter,964.3055938439512,25.253111111111114,34.824444444444445,12.609444444444444
409,Autumn,892.0848315592027,29.915000000000003,44.931666666666665,19.080555555555556
409,Kharif,1110.021422074073,26.556555555555555,42.805,15.213333333333335
409,Rabi,59.89551940084331,21.825222222222223,39.739444444444445,6.946111111111112
409,Summer,163.45279588239887,31.13902777777778,45.09444444444445,12.741111111111111
409,Whole Year,1181.5252331350412,25.70949074074074,45.08777777777778,6.946111111111112
409,Winter,994.7586723423252,24.665555555555557,33.88333333333333,12.582777777777778
410,Autumn,682.8333786219633,30.008555555555557,45.17722222222222,19.515555555555554
410,Kharif,884.381797656003,26.926444444444442,42.77,14.855555555555554
410,Rabi,32.372177792368106,22.317555555555558,40.79777777777778,7.5088888888888885
410,Summer,128.3520369219973,31.12875,45.32611111111111,13.78
410,Whole Year,923.3974632092371,26.038194444444443,45.31944444444444,7.5088888888888885
410,Winter,785.250124729066,25.20777777777778,35.80888888888889,11.702222222222224
411,Autumn,933.3192702558489,30.20311111111111,45.68277777777777,18.484444444444442
411,Kharif,1178.4406901104949,26.608666666666668,43.87444444444444,13.65388888888889
411,Rabi,73.37736226820651,20.34311111111111,39.63166666666667,5.57
411,Summer,196.06558249173338,31.073611111111113,45.791111111111114,11.904444444444444
411,Whole Year,1263.6714687191961,25.116064814814813,45.773888888888884,5.57
411,Winter,1026.4661603990344,24.269222222222222,34.59444444444445,10.674444444444443
412,Autumn,694.8269897477218,29.374888888888886,44.309444444444445,18.352777777777778
412,Kharif,891.8577372128902,26.573333333333334,42.166666666666664,15.10222222222222
412,Rabi,11.700493812078125,21.827555555555556,40.00277777777777,7.267777777777777
412,Summer,120.06231329769447,30.289027777777775,44.434444444444445,13.136111111111111
412,Whole Year,910.5107856515656,25.519675925925927,44.545,7.267777777777777
412,Winter,782.7844808662517,24.929777777777776,35.68055555555556,12.135555555555555
413,Autumn,796.7035953182221,30.65777777777778,45.937222222222225,18.561111111111114
413,Kharif,1015.1176117731281,27.105444444444444,44.43055555555556,13.823888888888888
413,Rabi,61.47112021530851,20.138666666666666,39.678333333333335,5.489444444444445
413,Summer,173.52961628290788,31.312361111111116,46.04333333333333,11.712777777777779
413,Whole Year,1085.7499721609975,25.273240740740743,46.025555555555556,5.489444444444445
413,Winter,874.9842105671579,24.66888888888889,35.67777777777778,10.747222222222222
414,Autumn,566.4133741986006,30.449555555555555,45.85666666666666,19.71333333333333
414,Kharif,762.2519395483864,27.28822222222222,42.995555555555555,15.13388888888889
414,Rabi,28.453953992264967,23.025222222222222,41.528888888888886,7.535555555555555
414,Summer,136.70312075565258,31.684305555555554,45.98833333333333,14.027777777777779
414,Whole Year,797.2672876733252,26.581990740740743,45.93611111111111,7.535555555555555
414,Winter,648.4292171212534,25.605888888888888,35.83444444444444,11.886666666666667
415,Autumn,940.9415219144689,29.17322222222222,44.660555555555554,18.416666666666668
415,Kharif,1161.3848304897547,25.672777777777778,42.72944444444445,13.364444444444445
415,Rabi,80.98135784351163,20.354555555555557,38.961666666666666,5.653888888888889
415,Summer,218.7280312470264,30.192638888888887,44.763888888888886,12.32388888888889
415,Whole Year,1264.185366689745,24.571851851851854,44.794444444444444,5.653888888888889
415,Winter,1008.421345833275,23.57166666666667,32.93833333333333,10.385
416,Autumn,673.6611667710736,30.854555555555553,44.73222222222222,17.852222222222224
416,Kharif,798.7258832490554,28.141111111111112,43.26166666666667,15.254444444444443
416,Rabi,26.59178774796978,20.412999999999997,39.220555555555556,4.901666666666667
416,Summer,123.3487307148537,31.10166666666667,44.89944444444444,11.496666666666666
416,Whole Year,834.8053029545204,25.725555555555555,45.034444444444446,4.901666666666667
416,Winter,703.0318948522348,25.93155555555556,38.04333333333333,11.311666666666667
417,Autumn,534.6381964051268,33.26811111111111,47.517222222222216,17.84777777777778
417,Kharif,656.1506583096666,30.542444444444445,46.638333333333335,15.749444444444444
417,Rabi,43.44507869519293,19.583444444444446,39.897777777777776,3.557777777777778
417,Summer,101.20891975932237,32.47958333333334,47.58555555555555,10.587777777777779
417,Whole Year,714.0012366296723,26.573657407407406,47.67722222222223,3.557777777777778
417,Winter,584.7293946862014,27.585444444444445,41.916666666666664,9.831666666666667
418,Autumn,835.6005172234857,30.596999999999998,46.12444444444444,18.628888888888888
418,Kharif,1033.8469703619678,26.976,44.19888888888889,13.966666666666667
418,Rabi,76.27545602836956,20.82611111111111,40.218333333333334,5.682777777777778
418,Summer,174.07256982413432,31.548750000000002,46.26277777777778,12.034444444444444
418,Whole Year,1127.2281138937299,25.55462962962963,46.22333333333333,5.682777777777778
418,Winter,915.095308516485,24.67211111111111,35.17611111111111,10.979444444444445
419,Autumn,694.9297071569082,30.357444444444443,44.544444444444444,17.697222222222223
419,Kharif,811.1008587824181,27.733444444444444,42.93222222222222,15.254444444444443
419,Rabi,21.81943986026777,20.292333333333332,39.105,5.006111111111111
419,Summer,122.91377314076655,30.647361111111113,44.712222222222216,11.352777777777778
419,Whole Year,841.6136364608797,25.42212962962963,44.82277777777777,5.006111111111111
419,Winter,708.7025573244318,25.622555555555557,38.08277777777778,11.362777777777778
420,Autumn,741.9235631338217,31.321222222222225,46.022777777777776,18.566666666666666
420,Kharif,969.5572227674226,27.900333333333336,44.93,14.202777777777778
420,Rabi,48.44702393292553,19.61788888888889,39.37166666666666,5.239999999999999
420,Summer,152.63349483006945,31.585138888888892,46.120555555555555,11.529444444444444
420,Whole Year,1027.9353405631457,25.407175925925927,46.13777777777778,5.239999999999999
420,Winter,847.0287619328333,25.236444444444444,37.45,10.376666666666667
421,Autumn,884.5873779413048,30.332111111111107,45.61944444444444,18.392222222222223
421,Kharif,1116.1251607243385,26.853444444444442,43.66222222222222,13.928333333333333
421,Rabi,56.33398272386855,20.232333333333333,39.68611111111111,4.995
421,Summer,182.38287340518502,31.13472222222222,45.778888888888886,11.668888888888889
421,Whole Year,1178.4621005239032,25.175046296296294,45.75666666666667,4.995
421,Winter,970.262856753198,24.524555555555555,35.53,10.274444444444445
422,Autumn,734.9973441959116,30.721999999999998,45.70611111111111,17.987777777777776
422,Kharif,879.8938921866593,27.46622222222222,44.035555555555554,14.256666666666668
422,Rabi,41.28822351053909,20.651555555555557,40.10055555555555,5.364999999999999
422,Summer,145.91093002521882,31.36819444444445,45.85777777777778,11.67
422,Whole Year,929.9075849997914,25.6125,45.93444444444444,5.364999999999999
422,Winter,766.534393865891,25.175555555555558,36.845555555555556,10.68611111111111
423,Autumn,690.5566211551152,29.715333333333334,44.574444444444445,18.055
423,Kharif,859.6383550477065,26.90566666666667,42.61944444444444,15.04888888888889
423,Rabi,20.125578998737495,21.44011111111111,40.0,6.441666666666666
423,Summer,111.4319253973203,30.48305555555556,44.70444444444445,12.452222222222222
423,Whole Year,885.5299940506617,25.53337962962963,44.906111111111116,6.441666666666666
423,Winter,767.4125731515663,25.121666666666666,36.406666666666666,11.835
424,Autumn,724.1351359969487,32.31966666666667,46.92666666666666,18.97611111111111
424,Kharif,967.384068681548,29.063555555555556,45.92111111111112,14.947777777777778
424,Rabi,55.927283859432286,20.042333333333332,40.25333333333333,5.045555555555556
424,Summer,136.67284251708122,32.33708333333333,47.02666666666667,11.917222222222222
424,Whole Year,1036.3429698983414,26.161064814814818,46.95722222222222,5.045555555555556
424,Winter,860.0079298712037,26.256666666666668,39.21722222222222,10.642777777777777
425,Autumn,849.8032042226167,30.55833333333333,45.571666666666665,18.287222222222223
425,Kharif,1023.7410703834697,27.121333333333332,44.00055555555556,14.09611111111111
425,Rabi,61.758941791054816,19.878666666666664,39.39944444444445,5.082222222222223
425,Summer,208.04424978903046,31.147222222222222,45.70944444444444,11.547222222222222
425,Whole Year,1101.4201413869719,25.127129629629632,45.68611111111111,5.082222222222223
425,Winter,859.4332279778878,24.673444444444446,36.39611111111111,10.493333333333332
426,Autumn,720.7153009603973,31.347555555555555,46.105,18.607777777777777
426,Kharif,945.2639813681167,27.944222222222223,45.01222222222222,14.198333333333332
426,Rabi,55.5123881800445,19.623222222222225,39.42388888888889,5.099444444444445
426,Summer,141.9871104048496,31.572777777777773,46.178333333333335,11.58222222222222
426,Whole Year,1012.1019994941437,25.419814814814814,46.16444444444445,5.099444444444445
426,Winter,832.4249725333518,25.262999999999998,37.525000000000006,10.33
427,Autumn,817.3283032162321,30.231444444444442,45.400000000000006,18.93722222222222
427,Kharif,1007.8897841560344,26.80366666666667,43.325,14.165
427,Rabi,57.35952200285263,21.190777777777775,40.21611111111111,5.881666666666667
427,Summer,164.5244821688781,31.255833333333335,45.56777777777778,12.465
427,Whole Year,1075.4362050808138,25.569027777777777,45.553333333333335,5.881666666666667
427,Winter,880.4778721007622,24.734333333333332,35.55222222222223,10.875
428,Autumn,870.7319385943773,29.966333333333335,45.425,18.83555555555556
428,Kharif,1089.1964645567869,26.310222222222222,43.51444444444444,13.727222222222222
428,Rabi,75.16653715800723,20.661444444444445,39.76611111111111,5.793888888888889
428,Summer,200.20800519748417,31.012361111111108,45.53722222222222,12.265555555555556
428,Whole Year,1178.6267214906804,25.120694444444446,45.52055555555555,5.793888888888889
428,Winter,941.6805452473553,24.08311111111111,33.80777777777777,10.665555555555555
429,Autumn,801.1752349276924,30.17522222222222,45.32,17.98611111111111
429,Kharif,1034.1762631270622,26.84311111111111,43.87222222222223,14.219444444444443
429,Rabi,58.87522584800091,19.904777777777777,39.093333333333334,5.5216666666666665
429,Summer,169.58477127903865,30.701666666666668,45.38666666666667,11.819444444444445
429,Whole Year,1104.938813050588,24.932592592592595,45.37722222222222,5.5216666666666665
429,Winter,896.3041457927061,24.46055555555556,35.02222222222222,11.06611111111111
430,Autumn,721.3988802841761,30.272444444444446,45.257777777777775,18.130000000000003
430,Kharif,886.8772774423576,26.957,43.40888888888889,14.218333333333334
430,Rabi,42.10432115673191,20.759444444444444,39.93944444444444,5.530555555555555
430,Summer,133.66150190319038,31.09777777777778,45.42277777777778,11.702222222222222
430,Whole Year,936.997090471805,25.414953703703702,45.44777777777778,5.530555555555555
430,Winter,786.2069991328236,24.80366666666667,36.00611111111111,10.82
431,Autumn,756.0940266368151,31.791999999999998,46.22388888888889,17.589444444444446
431,Kharif,850.3849218973406,28.94822222222222,45.14555555555555,14.722777777777777
431,Rabi,31.544736563745474,19.94,39.43388888888889,4.474444444444445
431,Summer,222.04137394998082,31.624444444444446,46.305,10.972222222222221
431,Whole Year,932.7913554136261,25.93013888888889,46.43833333333333,4.474444444444445
431,Winter,692.7161917678184,26.342444444444443,39.93611111111111,10.63888888888889
432,Autumn,615.2179428089617,32.19611111111111,46.550555555555555,18.285555555555554
432,Kharif,737.3364188383437,29.183444444444447,45.57888888888888,15.493333333333332
432,Rabi,37.53527126254307,19.94922222222222,39.675555555555555,4.820555555555555
432,Summer,115.28114834189829,32.02388888888889,46.62388888888889,11.293888888888889
432,Whole Year,781.7730631830377,26.10800925925926,46.66722222222222,4.820555555555555
432,Winter,636.8372495696983,26.488555555555553,39.85388888888889,11.137777777777778
433,Autumn,814.9157899710591,30.564000000000004,45.48166666666666,18.41611111111111
433,Kharif,1049.2704758941209,27.20555555555556,44.128888888888895,14.200555555555555
433,Rabi,52.997197450495065,19.744333333333334,39.023888888888884,5.389444444444445
433,Summer,162.22122600532055,30.965,45.54777777777778,11.785555555555554
433,Whole Year,1118.9066629849005,25.05625,45.51833333333334,5.389444444444445
433,Winter,921.8963401099596,24.69311111111111,35.982777777777784,10.68611111111111
434,Autumn,668.9849226924556,31.973555555555556,46.340555555555554,18.58111111111111
434,Kharif,839.359492820722,28.750444444444447,45.13722222222222,14.995555555555557
434,Rabi,52.30070932154302,20.01988888888889,39.739444444444445,5.303888888888888
434,Summer,145.2211008020849,32.04597222222222,46.41888888888889,11.572222222222223
434,Whole Year,903.4830579008492,25.97861111111111,46.48166666666667,5.303888888888888
434,Winter,724.6789558449138,26.060666666666666,38.68833333333333,10.797222222222222
435,Autumn,682.8306550336656,29.817333333333334,44.632777777777775,17.794444444444444
435,Kharif,854.1023207663524,26.843666666666664,42.77055555555555,14.496666666666666
435,Rabi,36.189067280057955,20.963333333333335,39.916666666666664,5.56
435,Summer,131.67555149003036,30.56263888888889,44.778888888888886,11.864444444444445
435,Whole Year,900.9909144644797,25.34300925925926,44.905,5.56
435,Winter,756.4271579090919,24.930333333333333,36.266666666666666,11.035555555555554
436,Autumn,732.8727234383631,30.17522222222222,45.32,17.98611111111111
436,Kharif,944.7762534665978,26.84311111111111,43.87222222222223,14.219444444444443
436,Rabi,73.3005429972998,19.904777777777777,39.093333333333334,5.5216666666666665
436,Summer,159.0184636318849,30.701666666666668,45.38666666666667,11.819444444444445
436,Whole Year,1027.8757300090251,24.932592592592595,45.37722222222222,5.5216666666666665
436,Winter,824.4432149558431,24.46055555555556,35.02222222222222,11.06611111111111
437,Autumn,929.714076967703,30.748333333333335,45.84111111111111,18.362777777777776
437,Kharif,1125.2833860640724,27.336666666666666,44.220555555555556,14.386666666666665
437,Rabi,67.58561345986608,20.222333333333335,39.72333333333333,5.222777777777777
437,Summer,205.08714787682726,31.375,45.99722222222223,11.690555555555555
437,Whole Year,1203.7820818172768,25.39759259259259,45.98777777777778,5.222777777777777
437,Winter,959.6769574532906,24.932000000000002,36.67166666666667,10.711111111111112
438,Autumn,678.8352314619186,31.472444444444445,45.559444444444445,20.315555555555555
438,Kharif,816.4161744557413,29.241333333333337,43.01277777777778,17.406666666666666
438,Rabi,5.093410483205024,23.61411111111111,41.39555555555555,8.171666666666667
438,Summer,109.18929622671854,32.048611111111114,45.605555555555554,14.708333333333334
438,Whole Year,828.261956423337,27.61537037037037,45.626666666666665,8.171666666666667
438,Winter,696.5768382309211,27.60677777777778,37.67666666666667,13.839444444444446
439,Autumn,595.4768165380315,30.07477777777778,45.30555555555556,19.577777777777776
439,Kharif,756.867881991797,28.000777777777778,41.84833333333333,17.731111111111108
439,Rabi,8.417378197665567,24.07422222222222,41.982777777777784,9.162777777777778
439,Summer,194.38651000115053,30.92736111111111,45.36944444444444,15.148888888888889
439,Whole Year,774.9707771808736,27.093888888888888,45.36944444444444,9.162777777777778
439,Winter,593.7522266987297,26.857444444444443,37.44222222222223,14.721666666666668
440,Autumn,732.1900916430685,31.472444444444445,45.559444444444445,20.315555555555555
440,Kharif,887.2960233875998,29.241333333333337,43.01277777777778,17.406666666666666
440,Rabi,4.614669881807065,23.61411111111111,41.39555555555555,8.171666666666667
440,Summer,113.73795589915028,32.048611111111114,45.605555555555554,14.708333333333334
440,Whole Year,897.4490173778692,27.61537037037037,45.626666666666665,8.171666666666667
440,Winter,759.8768383916697,27.60677777777778,37.67666666666667,13.839444444444446
441,Autumn,539.3363611220761,30.86111111111111,44.81666666666667,18.151666666666667
441,Kharif,692.4212713368973,28.964888888888893,43.17611111111111,16.836666666666666
441,Rabi,9.886373634783574,21.69033333333333,39.970555555555556,6.222777777777778
441,Summer,71.75673458863187,30.887500000000003,44.864999999999995,12.662222222222221
441,Whole Year,705.7261359710016,26.4750462962963,44.99444444444444,6.222777777777778
441,Winter,622.9686789425251,27.106555555555556,39.71222222222222,13.020555555555555
442,Autumn,720.5313015335964,30.71611111111111,45.95611111111111,20.667777777777776
442,Kharif,906.1080179293123,28.343222222222224,42.53611111111111,17.281111111111112
442,Rabi,6.131602320509653,24.365222222222222,42.46888888888889,8.632777777777777
442,Summer,153.2849771661891,31.695,46.007777777777775,15.101111111111111
442,Whole Year,916.6722092360465,27.50541666666667,46.08666666666667,8.632777777777777
442,Winter,746.9428004822176,27.015777777777778,36.89555555555555,14.309999999999999
443,Autumn,530.9046791204148,30.54266666666667,44.25277777777777,20.76
443,Kharif,676.5224476349023,28.514666666666667,41.205555555555556,18.96333333333333
443,Rabi,5.938852640903658,24.365111111111112,40.91222222222222,10.175555555555555
443,Summer,148.75055228546262,31.287083333333335,44.25944444444444,15.925555555555556
443,Whole Year,688.4020819796456,27.501018518518517,44.25944444444444,10.175555555555555
443,Winter,543.736977952222,27.365555555555556,36.56888888888889,15.61611111111111
444,Autumn,946.6697046975662,28.35077777777778,43.59833333333333,19.156111111111112
444,Kharif,1190.4484651438247,26.09911111111111,39.29555555555555,16.822222222222223
444,Rabi,24.97233469715273,24.062666666666665,41.14055555555555,9.79
444,Summer,206.83447862945405,29.586388888888887,43.68944444444444,15.400555555555554
444,Whole Year,1224.2582080701343,26.069583333333334,43.68,9.79
444,Winter,1005.5343362779162,25.18111111111111,34.339444444444446,14.794444444444444
445,Autumn,643.165286801652,29.882888888888886,44.86611111111111,18.83277777777778
445,Kharif,813.3817485616439,27.188111111111112,42.47388888888889,15.757777777777777
445,Rabi,7.321200856938958,22.523222222222223,40.669999999999995,7.666111111111111
445,Summer,104.46359832926343,30.80263888888889,44.955000000000005,13.748333333333333
445,Whole Year,826.4047885020781,26.134722222222223,45.08666666666667,7.666111111111111
445,Winter,712.4351553000096,25.57766666666667,36.325,12.95722222222222
446,Autumn,718.2221398241818,31.568222222222218,46.01111111111111,19.406111111111112
446,Kharif,855.2683411838003,29.376333333333335,43.98166666666666,16.78666666666667
446,Rabi,3.2588393211502718,23.121333333333332,41.55611111111111,7.750555555555555
446,Summer,92.95345983557678,32.01472222222222,46.041111111111114,14.184444444444445
446,Whole Year,865.005196886275,27.44101851851852,46.074444444444445,7.750555555555555
446,Winter,748.3765272362916,27.595333333333333,39.515,13.58
447,Autumn,544.2976943003014,29.466222222222225,39.87222222222223,20.996111111111112
447,Kharif,689.25723171379,28.888555555555556,37.739999999999995,21.073888888888888
447,Rabi,6.3018979837910996,23.316444444444443,37.65166666666667,11.053888888888888
447,Summer,112.05088948882702,29.102916666666665,39.84111111111111,16.60388888888889
447,Whole Year,698.6153011857015,26.71851851851852,39.88722222222222,11.053888888888888
447,Winter,579.4427833314985,27.90122222222222,35.92666666666666,17.08
448,Autumn,775.5955830908691,29.534,44.461666666666666,19.041666666666668
448,Kharif,946.7165548233315,27.865444444444446,40.760555555555555,17.955555555555556
448,Rabi,9.822434441807369,23.94788888888889,41.76277777777778,9.045555555555556
448,Summer,182.5918592546756,30.16041666666667,44.544444444444444,15.007777777777777
448,Whole Year,960.2806185400113,26.810555555555556,44.544444444444444,9.045555555555556
448,Winter,779.2560522143418,26.86,37.335,14.930555555555555
449,Autumn,334.9651609573651,31.233333333333334,45.25222222222222,18.907777777777778
449,Kharif,443.26340161491595,30.124444444444446,43.132222222222225,18.170555555555556
449,Rabi,10.195725244090513,22.67422222222222,40.92611111111111,6.6466666666666665
449,Summer,65.10215064724562,30.856111111111108,45.281666666666666,13.857777777777777
449,Whole Year,457.475337108873,27.314629629629632,45.26888888888889,6.6466666666666665
449,Winter,382.9540636600857,28.629555555555555,40.885000000000005,13.514444444444443
450,Autumn,744.7865594748268,31.445666666666664,46.339444444444446,19.827222222222222
450,Kharif,901.8734088844999,28.848555555555556,44.00333333333334,16.31222222222222
450,Rabi,4.677524752845918,23.288555555555558,42.08611111111111,7.913888888888888
450,Summer,103.81140698644298,32.236666666666665,46.388888888888886,14.407222222222222
450,Whole Year,912.1997220141607,27.359259259259257,46.46111111111111,7.913888888888888
450,Winter,786.466555899768,27.039,38.306666666666665,13.06388888888889
451,Autumn,631.1696587801669,31.568222222222218,46.01111111111111,19.406111111111112
451,Kharif,765.4588591699936,29.376333333333335,43.98166666666666,16.78666666666667
451,Rabi,11.417445587615171,23.121333333333332,41.55611111111111,7.750555555555555
451,Summer,75.31231192119972,32.01472222222222,46.041111111111114,14.184444444444445
451,Whole Year,781.2969294000692,27.44101851851852,46.074444444444445,7.750555555555555
451,Winter,686.5755553089634,27.595333333333333,39.515,13.58
452,Autumn,864.3694607292612,29.337555555555557,44.721111111111114,19.84777777777778
452,Kharif,1082.5118392645209,26.967888888888886,40.86833333333333,17.156111111111112
452,Rabi,7.626956131447244,24.358666666666668,41.655,9.71888888888889
452,Summer,177.135587423074,30.549722222222222,44.812777777777775,15.471111111111112
452,Whole Year,1092.4912670632755,26.73361111111111,44.785,9.71888888888889
452,Winter,899.4995334827237,25.917555555555555,35.57388888888889,14.736666666666666
453,Autumn,1432.488412812904,29.493000000000002,44.63944444444444,21.07888888888889
453,Kharif,1741.0983182079399,27.551444444444442,39.61666666666667,17.999444444444446
453,Rabi,6.6197008769269345,25.228444444444442,42.58777777777778,10.281666666666666
453,Summer,330.59919775470536,30.519722222222224,44.70388888888888,16.272222222222222
453,Whole Year,1749.9367189983386,27.289212962962964,44.70388888888888,10.281666666666666
453,Winter,1409.920442752333,26.69911111111111,36.33611111111111,15.846111111111112
454,Autumn,677.3734587638374,30.79555555555556,45.84388888888889,19.44611111111111
454,Kharif,849.2088387568975,28.182222222222222,43.40222222222222,16.25
454,Rabi,7.598487433597997,23.25722222222222,41.57277777777778,7.839444444444443
454,Summer,100.30469396806977,31.67,45.90277777777778,14.254999999999999
454,Whole Year,863.3665295346284,26.99189814814815,45.99777777777778,7.839444444444443
454,Winter,752.7203839969487,26.558222222222224,37.66111111111111,13.338888888888889
455,Autumn,465.5017335983338,31.962555555555557,45.97333333333333,19.371666666666666
455,Kharif,578.4814307537895,30.129222222222225,44.18111111111111,17.505
455,Rabi,6.7515343569771,22.915888888888887,41.2,7.294444444444445
455,Summer,66.20382413819983,31.980138888888884,45.98888888888889,13.850000000000001
455,Whole Year,588.1763581363139,27.65074074074074,46.07055555555556,7.294444444444445
455,Winter,509.08587421145705,28.325888888888887,40.76111111111111,13.624444444444444
456,Autumn,688.7321760540622,29.161555555555555,41.14722222222222,20.672222222222224
456,Kharif,854.4189202419171,28.24211111111111,37.72333333333333,20.302777777777777
456,Rabi,7.358025465057128,24.278111111111112,39.25,11.416111111111112
456,Summer,151.0259716016137,29.328472222222224,41.21111111111111,16.70777777777778
456,Whole Year,865.638851764198,26.897361111111113,41.21111111111111,11.416111111111112
456,Winter,716.6533506545755,27.450333333333333,36.05888888888889,17.025
457,Autumn,607.8636225417117,30.390777777777778,45.48222222222223,19.280555555555555
457,Kharif,779.0692772087123,28.322333333333333,42.81055555555555,17.21388888888889
457,Rabi,6.748127623564667,23.462333333333333,41.67777777777778,8.098333333333334
457,Summer,159.21557991889614,31.06472222222222,45.53111111111111,14.479444444444445
457,Whole Year,792.0817640988776,26.99773148148148,45.51222222222222,8.098333333333334
457,Winter,636.4021118895876,26.96911111111111,37.968333333333334,13.72888888888889
458,Autumn,702.9781157979166,31.204222222222224,45.83555555555555,19.449444444444445
458,Kharif,859.6328947675632,28.726,43.818333333333335,16.265
458,Rabi,6.173137809851287,22.946,41.42666666666667,8.178888888888888
458,Summer,92.06097229473568,31.88888888888889,45.876666666666665,14.538888888888888
458,Whole Year,871.6593099903821,27.0962962962963,46.00833333333333,8.178888888888888
458,Winter,762.9001786645363,26.916999999999998,38.775555555555556,13.232222222222223
459,Autumn,1220.476452918654,29.493000000000002,44.63944444444444,21.07888888888889
459,Kharif,1490.1385523498195,27.551444444444442,39.61666666666667,17.999444444444446
459,Rabi,7.918682127294165,25.228444444444442,42.58777777777778,10.281666666666666
459,Summer,285.9442094047036,30.519722222222224,44.70388888888888,16.272222222222222
459,Whole Year,1499.8570836138117,27.289212962962964,44.70388888888888,10.281666666666666
459,Winter,1203.4229287514806,26.69911111111111,36.33611111111111,15.846111111111112
460,Autumn,604.7451251623118,31.805777777777777,46.29055555555556,19.627222222222223
460,Kharif,733.3284268128789,29.779333333333334,44.34388888888889,16.93277777777778
460,Rabi,3.7076408041434155,23.254222222222225,41.80166666666666,7.196111111111112
460,Summer,122.50289955466158,32.14527777777778,46.32666666666667,13.942222222222222
460,Whole Year,742.6029679404778,27.687083333333334,46.32722222222222,7.196111111111112
460,Winter,588.5612830232001,28.035,39.47777777777778,12.985555555555557
461,Autumn,856.7014860726065,31.257777777777775,46.46611111111111,20.15722222222222
461,Kharif,1054.8131997171376,28.670777777777783,43.59,16.720555555555556
461,Rabi,5.96117767971009,23.709777777777777,42.43055555555556,7.906666666666666
461,Summer,147.6412023762241,32.17138888888889,46.513888888888886,14.512222222222224
461,Whole Year,1066.2949254553143,27.456435185185185,46.55111111111111,7.906666666666666
461,Winter,895.5447698173424,27.01222222222222,37.49333333333333,13.472777777777777
462,Autumn,1785.4898613600267,28.722111111111115,43.92111111111112,20.608333333333334
462,Kharif,2171.156029322081,26.822666666666667,37.95666666666667,17.76833333333333
462,Rabi,12.66363641516202,25.196555555555555,42.379444444444445,10.992777777777778
462,Summer,365.1982389960645,29.793611111111108,44.01444444444444,16.608888888888888
462,Whole Year,2189.07206931524,26.838333333333335,44.01444444444444,10.992777777777778
462,Winter,1822.6898967944499,26.111222222222224,35.67166666666667,16.246111111111112
463,Autumn,1742.9083840308917,28.722111111111115,43.92111111111112,20.608333333333334
463,Kharif,2112.3954977964363,26.822666666666667,37.95666666666667,17.76833333333333
463,Rabi,8.697942705100608,25.196555555555555,42.379444444444445,10.992777777777778
463,Summer,394.20460021630345,29.793611111111108,44.01444444444444,16.608888888888888
463,Whole Year,2125.6893261285086,26.838333333333335,44.01444444444444,10.992777777777778
463,Winter,1734.6791030727327,26.111222222222224,35.67166666666667,16.246111111111112
464,Autumn,761.4381561701497,28.348333333333333,33.99722222222223,24.311666666666667
464,Kharif,925.657251290977,28.311777777777777,32.19222222222223,25.64611111111111
464,Rabi,10.973859520918793,25.097333333333335,31.801666666666662,18.555555555555557
464,Summer,200.2625870663259,28.02777777777778,34.019444444444446,21.365555555555556
464,Whole Year,941.356740471224,26.987314814814813,34.10277777777778,18.555555555555557
464,Winter,749.8733606207702,27.919444444444444,31.678333333333335,23.438888888888886
465,Autumn,1793.9465412786344,28.722111111111115,43.92111111111112,20.608333333333334
465,Kharif,2170.4989305613217,26.822666666666667,37.95666666666667,17.76833333333333
465,Rabi,12.747851140429209,25.196555555555555,42.379444444444445,10.992777777777778
465,Summer,391.45944902516993,29.793611111111108,44.01444444444444,16.608888888888888
465,Whole Year,2189.3357373162366,26.838333333333335,44.01444444444444,10.992777777777778
465,Winter,1800.4461185488803,26.111222222222224,35.67166666666667,16.246111111111112
466,Autumn,381.6305959816608,28.242,42.84833333333333,18.450555555555557
466,Kharif,627.1082157360183,25.47311111111111,38.99888888888889,14.624444444444444
466,Rabi,33.78963401913643,23.315444444444445,39.85277777777778,9.107222222222223
466,Summer,154.06088019783297,29.63138888888889,42.85333333333333,14.730555555555554
466,Whole Year,678.9953199769888,25.57439814814815,42.87722222222222,9.107222222222223
466,Winter,520.0663085209412,24.397666666666666,33.99111111111111,12.170555555555556
467,Autumn,605.2726603485644,30.491777777777777,45.943333333333335,20.72888888888889
467,Kharif,802.7216763899282,26.836666666666666,43.486111111111114,14.836111111111112
467,Rabi,56.25945030601211,23.418333333333333,41.34,8.622222222222222
467,Summer,182.21429992577544,32.070138888888884,46.041666666666664,15.431111111111111
467,Whole Year,869.1479463865635,26.65949074074074,45.98777777777778,8.622222222222222
467,Winter,675.0308245505998,25.11211111111111,34.78666666666666,12.161111111111111
468,Autumn,584.1637971519182,30.491777777777777,45.943333333333335,20.72888888888889
468,Kharif,766.0289796367288,26.836666666666666,43.486111111111114,14.836111111111112
468,Rabi,50.74427995292677,23.418333333333333,41.34,8.622222222222222
468,Summer,181.78562009996838,32.070138888888884,46.041666666666664,15.431111111111111
468,Whole Year,827.2073645322687,26.65949074074074,45.98777777777778,8.622222222222222
468,Winter,636.413369225545,25.11211111111111,34.78666666666666,12.161111111111111
469,Autumn,447.37143895795776,28.572777777777773,43.34166666666667,18.54111111111111
469,Kharif,628.8093825771853,25.665777777777777,40.07388888888889,14.687777777777777
469,Rabi,47.204423879721645,23.23122222222222,40.11833333333333,8.727222222222222
469,Summer,151.4455875531529,29.903888888888886,43.42111111111112,14.469999999999999
469,Whole Year,686.6441329835602,25.671296296296294,43.44277777777778,8.727222222222222
469,Winter,530.4528528482964,24.46788888888889,33.96388888888889,12.373333333333333
470,Autumn,460.73461206947206,28.82144444444444,43.305,19.103333333333335
470,Kharif,655.1910155614216,25.752333333333336,39.70722222222222,14.623333333333335
470,Rabi,42.31948821329408,23.516000000000002,40.092777777777776,9.277222222222223
470,Summer,149.77422506582957,30.268333333333334,43.36333333333333,14.939444444444446
470,Whole Year,721.9734894925797,25.903796296296296,43.38666666666667,9.277222222222223
470,Winter,563.5925091430545,24.532333333333334,34.46944444444445,12.216111111111111
471,Autumn,974.0693249678997,30.904555555555557,47.015,20.561666666666667
471,Kharif,1188.865027511837,27.05677777777778,44.653888888888886,14.895000000000001
471,Rabi,66.62726080189977,22.922444444444444,41.260555555555555,7.915555555555555
471,Summer,249.70052387924105,32.50819444444445,47.08611111111111,14.811111111111112
471,Whole Year,1276.0259369304747,26.64212962962963,47.11888888888889,7.915555555555555
471,Winter,1001.4033437371254,25.096777777777778,34.028333333333336,11.693888888888889
472,Autumn,567.9935579263708,29.541333333333334,44.462222222222216,19.474444444444444
472,Kharif,746.5061622622112,26.244999999999997,41.42111111111112,15.065000000000001
472,Rabi,51.402268774393534,23.24811111111111,40.61666666666667,8.175
472,Summer,166.1600694462864,30.935138888888886,44.55833333333333,14.121111111111112
472,Whole Year,806.2909831960375,26.12476851851852,44.532222222222224,8.175
472,Winter,626.2511201074553,24.776333333333334,34.61888888888889,12.505555555555555
473,Autumn,970.3764617591405,31.30077777777778,47.218333333333334,20.96055555555556
473,Kharif,1213.3017830098115,27.367222222222225,44.531111111111116,15.34
473,Rabi,52.40185697459512,24.03022222222222,41.92111111111112,8.675
473,Summer,246.95958653706364,33.118472222222216,47.28666666666666,15.909444444444444
473,Whole Year,1291.182006681062,27.333055555555557,47.312777777777775,8.675
473,Winter,1033.276386929676,25.527,34.904444444444444,12.328333333333333
474,Autumn,459.7751576761128,28.673444444444442,43.85944444444445,18.93777777777778
474,Kharif,623.8222290696921,26.090444444444444,40.16444444444445,15.371111111111112
474,Rabi,27.868372429300237,23.275222222222222,40.81888888888889,7.6816666666666675
474,Summer,136.58731270229651,29.917777777777776,43.92111111111112,14.231666666666667
474,Whole Year,659.7667583428598,25.83625,43.895,7.6816666666666675
474,Winter,514.9639485362503,24.918111111111113,34.33166666666667,12.611666666666666
475,Autumn,1140.1415968262763,30.805888888888887,47.05722222222222,20.945555555555554
475,Kharif,1421.8038867546452,27.096444444444444,44.29444444444445,15.428333333333333
475,Rabi,52.38395898237272,23.764333333333337,41.71333333333334,9.154444444444444
475,Summer,267.59080226933236,32.589861111111105,47.10444444444445,16.45777777777778
475,Whole Year,1499.1599848760222,27.00347222222222,47.205000000000005,9.154444444444444
475,Winter,1220.4652050224443,25.301666666666666,34.11,12.287777777777778
476,Autumn,1108.2685936897715,30.76966666666667,46.845555555555556,20.515555555555554
476,Kharif,1385.8917135193392,26.936888888888888,44.467777777777776,14.643333333333333
476,Rabi,75.41340246210218,22.65,41.208888888888886,7.762777777777777
476,Summer,242.1500209262939,32.2625,46.93277777777777,14.476111111111111
476,Whole Year,1481.4806843152337,26.435046296296296,46.916666666666664,7.762777777777777
476,Winter,1202.7747807647618,24.965888888888887,34.090555555555554,11.58
477,Autumn,615.2521140757534,29.98788888888889,44.73722222222222,20.435555555555553
477,Kharif,818.4829016194022,26.378888888888888,41.84888888888889,15.09388888888889
477,Rabi,37.45856745051289,23.802333333333333,40.92888888888889,9.375
477,Summer,167.74520338961372,31.634166666666665,44.82277777777777,15.773333333333333
477,Whole Year,869.2091798433964,26.552916666666665,44.835,9.375
477,Winter,694.3046349686467,24.858444444444444,34.835,12.65388888888889
478,Autumn,527.4494937306476,30.19022222222222,45.62222222222223,19.608333333333334
478,Kharif,700.8309033013604,27.043666666666667,42.24388888888889,15.582777777777778
478,Rabi,47.30142224924984,23.86733333333333,41.666666666666664,8.265
478,Summer,132.70223733879348,31.526111111111113,45.720555555555556,14.58111111111111
478,Whole Year,754.7451359152242,26.800555555555558,45.63388888888889,8.265
478,Winter,603.6854436712133,25.59488888888889,35.34722222222222,12.865
479,Autumn,484.6586465826258,28.751999999999995,43.382222222222225,19.01
479,Kharif,665.4736448658837,25.633666666666667,40.316111111111105,14.532222222222222
479,Rabi,46.41134329761068,23.047777777777778,39.97833333333333,8.773888888888889
479,Summer,150.4167894254335,30.129722222222224,43.455555555555556,14.641666666666667
479,Whole Year,727.9257732399014,25.637175925925927,43.45222222222222,8.773888888888889
479,Winter,570.3243134725425,24.319333333333333,33.986111111111114,12.260555555555555
480,Autumn,930.5135635512846,26.078444444444443,41.827777777777776,18.262777777777778
480,Kharif,1126.738061096933,23.90122222222222,35.09111111111111,15.621666666666666
480,Rabi,33.32247333069918,23.897222222222222,40.23722222222222,11.254444444444443
480,Summer,285.99643312670565,27.774444444444445,41.90611111111111,15.465
480,Whole Year,1209.1976882380052,24.761157407407406,41.90611111111111,11.254444444444443
480,Winter,914.3460822922211,23.376555555555555,31.807222222222222,13.367777777777778
481,Autumn,546.5447470264302,29.16711111111111,43.62111111111111,19.732222222222223
481,Kharif,763.520569116567,25.743222222222222,39.833333333333336,14.663333333333334
481,Rabi,47.685622456862966,23.640777777777778,40.38777777777778,9.543888888888889
481,Summer,171.27054340212985,30.796111111111113,43.70055555555555,15.619999999999997
481,Whole Year,847.689250777165,26.050925925925924,43.73222222222223,9.543888888888889
481,Winter,662.5088249309747,24.37011111111111,34.55222222222222,12.286666666666667
482,Autumn,2098.5295991249795,28.545222222222222,43.403888888888886,21.189444444444444
482,Kharif,2517.2791114306697,26.668333333333337,36.75888888888889,18.18
482,Rabi,24.802886072856683,25.02588888888889,42.46166666666667,12.247222222222222
482,Summer,541.8903195128465,29.72138888888889,43.64722222222222,17.853333333333335
482,Whole Year,2571.676103715164,26.679212962962964,43.64722222222222,12.247222222222222
482,Winter,2043.1015309385127,25.884333333333334,33.446666666666665,16.104444444444443
483,Autumn,2098.5295991249795,28.545222222222222,43.403888888888886,21.189444444444444
483,Kharif,2517.2791114306697,26.668333333333337,36.75888888888889,18.18
483,Rabi,24.802886072856683,25.02588888888889,42.46166666666667,12.247222222222222
483,Summer,541.8903195128465,29.72138888888889,43.64722222222222,17.853333333333335
483,Whole Year,2571.676103715164,26.679212962962964,43.64722222222222,12.247222222222222
483,Winter,2043.1015309385127,25.884333333333334,33.446666666666665,16.104444444444443
484,Autumn,838.3390825334246,31.039111111111115,46.71,20.995555555555555
484,Kharif,1032.3999529803793,27.11333333333333,44.37388888888889,14.778888888888888
484,Rabi,65.14360152343632,22.962222222222223,41.382222222222225,7.920555555555556
484,Summer,248.59499216921347,32.62847222222222,46.80611111111111,15.18277777777778
484,Whole Year,1119.8173132870622,26.702638888888888,46.779444444444444,7.920555555555556
484,Winter,854.89201747357,25.130555555555556,34.946666666666665,11.682777777777778
485,Autumn,617.5913247354327,30.19633333333333,45.10666666666666,20.341666666666665
485,Kharif,827.3161706724376,26.510333333333335,41.91,15.29888888888889
485,Rabi,41.93480819753475,24.175555555555555,41.23444444444445,9.666666666666666
485,Summer,170.68783580649782,31.96652777777778,45.19555555555556,16.21388888888889
485,Whole Year,886.2270111832078,26.813518518518517,45.245555555555555,9.666666666666666
485,Winter,703.3736227048491,24.991333333333333,35.04333333333333,12.794444444444444
486,Autumn,567.4127411759101,29.316222222222223,44.821666666666665,19.27
486,Kharif,743.7897972671061,26.637888888888888,41.29444444444445,15.466666666666665
486,Rabi,21.33030835405728,23.546222222222223,41.46222222222222,7.989444444444445
486,Summer,138.2710969680805,30.581805555555555,44.892222222222216,14.33
486,Whole Year,771.304493152111,26.29449074074074,44.851111111111116,7.989444444444445
486,Winter,623.9769644448878,25.373,35.178333333333335,12.553333333333335
487,Autumn,443.95987841321363,27.72388888888889,42.867777777777775,17.851666666666667
487,Kharif,637.9899607126912,25.043111111111113,38.88944444444444,14.383333333333333
487,Rabi,40.251744971438136,22.90311111111111,39.986111111111114,8.298333333333334
487,Summer,146.51985592236394,29.07305555555556,42.94277777777778,14.24111111111111
487,Whole Year,695.8954275714716,25.109259259259257,42.93555555555556,8.298333333333334
487,Winter,545.1372091982652,23.971888888888888,32.91833333333333,12.082777777777778
488,Autumn,480.88142199110655,28.89577777777778,43.27388888888889,19.731111111111108
488,Kharif,699.3091131870946,25.766444444444446,38.90166666666667,14.850555555555555
488,Rabi,38.81233709077868,24.017666666666667,40.35888888888889,10.385
488,Summer,160.1423898967397,30.498749999999998,43.32388888888889,16.31277777777778
488,Whole Year,772.4900147490617,26.14810185185185,43.36944444444444,10.385
488,Winter,599.3399078287184,24.601666666666667,34.81777777777778,12.426666666666668
489,Autumn,584.5837208581054,29.98788888888889,44.73722222222222,20.435555555555553
489,Kharif,792.056110502393,26.378888888888888,41.84888888888889,15.09388888888889
489,Rabi,41.369646329225766,23.802333333333333,40.92888888888889,9.375
489,Summer,156.57376056116212,31.634166666666665,44.82277777777777,15.773333333333333
489,Whole Year,853.0770324856318,26.552916666666665,44.835,9.375
489,Winter,685.6391748590049,24.858444444444444,34.835,12.65388888888889
490,Autumn,1122.4547456484288,26.003333333333334,41.60111111111111,17.08888888888889
490,Kharif,1417.405904960922,23.763444444444445,35.48388888888889,14.439444444444446
490,Rabi,48.70741526441028,21.812555555555555,39.50555555555556,8.678333333333335
490,Summer,293.70787187582914,27.278055555555554,41.660555555555554,13.977777777777778
490,Whole Year,1500.1555106297342,23.774722222222223,41.68111111111111,8.678333333333335
490,Winter,1196.3426264096051,22.886333333333333,30.33055555555556,12.277222222222223
491,Autumn,2771.815011185352,28.186,42.06944444444444,21.054444444444446
491,Kharif,3301.145682033013,26.496222222222222,35.632777777777775,18.833333333333332
491,Rabi,37.07145728301946,24.966444444444445,41.35888888888889,13.163333333333334
491,Summer,704.9111326423784,29.245416666666667,42.47388888888889,18.131666666666668
491,Whole Year,3372.345081577353,26.49148148148148,42.47388888888889,13.163333333333334
491,Winter,2668.1923919373226,25.802222222222223,33.01833333333334,16.891666666666666
492,Autumn,2137.223141617613,26.290888888888887,42.31666666666667,18.265
492,Kharif,2536.4835406324746,24.084999999999997,34.897777777777776,15.486666666666666
492,Rabi,37.261429770033295,23.555222222222223,40.87111111111111,10.93888888888889
492,Summer,694.8827460596774,27.877083333333335,42.39333333333334,15.356111111111112
492,Whole Year,2623.4534276118616,24.71342592592593,42.39333333333334,10.93888888888889
492,Winter,1928.394918469919,23.414,31.12722222222222,13.490555555555556
493,Autumn,307.55773690881,26.39922222222222,42.08277777777778,18.246666666666666
493,Kharif,476.6372598707676,24.038666666666668,35.895,15.276666666666667
493,Rabi,31.885569693313705,23.739111111111114,40.090555555555554,10.946666666666665
493,Summer,151.07589949460493,28.15222222222222,42.12,15.287777777777778
493,Whole Year,555.8223996630145,24.842037037037038,42.12,10.946666666666665
493,Winter,398.7188575491309,23.429,31.98611111111111,13.003888888888888
494,Autumn,485.94973516381447,26.395111111111113,41.69222222222223,17.81
494,Kharif,669.4152433281695,23.946444444444445,36.26444444444444,14.578333333333335
494,Rabi,36.67029739716262,23.00011111111111,39.38388888888889,9.706111111111111
494,Summer,202.90954482665768,28.045555555555556,41.727222222222224,14.661666666666669
494,Whole Year,752.094913114483,24.495787037037037,41.70055555555555,9.706111111111111
494,Winter,544.894604102053,23.198444444444444,31.705000000000002,12.051111111111112
495,Autumn,2441.5113608029983,27.43911111111111,39.849999999999994,21.975
495,Kharif,2852.9540345801247,25.916555555555558,33.510000000000005,19.84111111111111
495,Rabi,57.62096838818656,26.194777777777777,39.77,16.27611111111111
495,Summer,816.4744551744726,28.645,40.281666666666666,19.632777777777775
495,Whole Year,2964.528729460306,26.640416666666667,40.281666666666666,16.27611111111111
495,Winter,2128.9633246387043,25.60322222222222,32.94555555555556,18.04888888888889
496,Autumn,360.95032828452963,28.545777777777776,42.90777777777778,19.236666666666665
496,Kharif,551.3205656630021,25.947222222222223,38.69833333333334,15.363333333333335
496,Rabi,30.266369587293372,24.13222222222222,40.16166666666666,9.896666666666667
496,Summer,147.52365826884352,30.026111111111113,42.91888888888889,15.735000000000001
496,Whole Year,617.0980880308757,26.163194444444443,42.94777777777778,9.896666666666667
496,Winter,466.18749158401727,25.004222222222225,34.78111111111111,12.59611111111111
497,Autumn,2149.2076149807417,28.51088888888889,44.190555555555555,20.74888888888889
497,Kharif,2595.94796183457,26.500555555555554,37.22777777777778,17.590555555555554
497,Rabi,20.638524567294454,25.267222222222223,42.99666666666667,12.064444444444444
497,Summer,502.74706659600554,29.760416666666668,44.327777777777776,17.276111111111113
497,Whole Year,2633.898039422412,26.72925925925926,44.327777777777776,12.064444444444444
497,Winter,2127.6401668455865,25.78588888888889,34.39333333333334,15.917777777777777
498,Autumn,722.8173745747449,31.039111111111115,46.71,20.995555555555555
498,Kharif,914.9705341135463,27.11333333333333,44.37388888888889,14.778888888888888
498,Rabi,60.77761164038546,22.962222222222223,41.382222222222225,7.920555555555556
498,Summer,217.1995265415559,32.62847222222222,46.80611111111111,15.18277777777778
498,Whole Year,998.3912771103076,26.702638888888888,46.779444444444444,7.920555555555556
498,Winter,762.1340999628106,25.130555555555556,34.946666666666665,11.682777777777778
499,Autumn,648.6712432684905,30.507777777777775,45.778888888888886,20.441666666666666
499,Kharif,838.1031847829804,26.823777777777778,43.17111111111112,14.758888888888887
499,Rabi,51.692146618655066,23.37411111111111,41.23444444444445,8.035
499,Summer,207.11873501626613,32.0775,45.864999999999995,15.013333333333334
499,Whole Year,899.745243947631,26.64,45.86555555555556,8.035
499,Winter,682.8317267417815,25.082666666666668,35.016666666666666,11.986666666666666
500,Autumn,776.6305558998138,30.845000000000002,46.39055555555555,20.740555555555556
500,Kharif,953.3716664875133,26.980777777777778,43.54055555555556,15.006666666666668
500,Rabi,47.32109834315876,23.65566666666667,41.525555555555556,8.091111111111111
500,Summer,238.1969056448175,32.58013888888889,46.49666666666667,15.462777777777777
500,Whole Year,1017.424539450763,26.916805555555555,46.51777777777778,8.091111111111111
500,Winter,771.2984232740063,25.19077777777778,35.06944444444444,12.052222222222222
501,Autumn,781.6004385183116,30.65422222222222,46.04666666666667,20.669444444444444
501,Kharif,971.8174059120593,26.802888888888887,43.126666666666665,15.329444444444444
501,Rabi,62.58868378814722,23.904,41.330555555555556,8.77888888888889
501,Summer,259.83534867764894,32.50458333333333,46.132222222222225,16.081666666666663
501,Whole Year,1069.8046575651538,26.928148148148146,46.159444444444446,8.77888888888889
501,Winter,799.9166803325492,25.093,34.695,12.422777777777778
502,Autumn,310.7716573654777,28.652555555555555,42.214444444444446,20.491111111111113
502,Kharif,449.11786028411655,26.342555555555556,37.623333333333335,17.968333333333334
502,Rabi,54.15901087431444,24.945888888888888,40.29333333333333,12.630555555555555
502,Summer,152.9529414118992,29.953333333333333,42.16111111111111,17.68277777777778
502,Whole Year,592.1539282053709,26.579212962962963,42.19722222222222,12.630555555555555
502,Winter,429.5654996343785,25.47011111111111,35.56,14.81611111111111
503,Autumn,368.52520277765063,29.450333333333333,43.09,20.804444444444446
503,Kharif,642.8923901948664,27.52588888888889,39.306666666666665,19.202777777777776
503,Rabi,379.8664153627017,23.81977777777778,40.507777777777775,13.507777777777777
503,Summer,157.72566799095108,29.778055555555554,42.925,17.34777777777778
503,Whole Year,1106.3194906987871,26.54851851851852,42.925,13.507777777777777
503,Winter,810.9576918317211,26.281555555555556,37.405,16.077222222222222
504,Autumn,332.64503433086253,30.39355555555555,44.346111111111114,21.61111111111111
504,Kharif,569.201981447361,27.94344444444444,39.80277777777778,19.21611111111111
504,Rabi,142.31432667167647,25.04122222222222,41.87611111111111,13.541111111111112
504,Summer,134.00033508972436,31.28875,44.27722222222222,18.08833333333333
504,Whole Year,775.526638765164,27.54013888888889,44.27722222222222,13.541111111111112
504,Winter,607.535942669268,26.756333333333334,37.55555555555556,16.180555555555557
505,Autumn,588.5052692213176,29.89,44.40166666666667,22.920555555555556
505,Kharif,911.4050070702293,27.77466666666667,39.84388888888889,20.159444444444446
505,Rabi,116.54464742904644,25.318333333333335,41.148888888888884,14.931666666666665
505,Summer,227.19913813085466,30.87125,44.32611111111111,20.496666666666666
505,Whole Year,1110.443813316202,27.460787037037036,44.29944444444445,14.931666666666665
505,Winter,865.3691863717488,26.666999999999998,35.00666666666667,17.03222222222222
506,Autumn,566.8819450942316,30.830333333333336,45.80833333333333,22.977777777777778
506,Kharif,863.5692010190751,28.379666666666665,41.54222222222222,19.272222222222222
506,Rabi,138.4539502299632,25.517333333333333,41.805,13.874444444444444
506,Summer,214.5462309402172,31.75305555555555,45.876666666666665,20.497777777777777
506,Whole Year,1076.1149344488426,27.96490740740741,45.910555555555554,13.874444444444444
506,Winter,830.8396732845791,27.02022222222222,37.19222222222223,15.970555555555556
507,Autumn,504.5599994052339,29.066333333333333,43.67055555555555,20.313333333333333
507,Kharif,688.6434492711667,25.932888888888886,39.531111111111116,15.955555555555556
507,Rabi,63.645152327984015,23.543111111111113,40.08,10.402222222222223
507,Summer,180.02844156821567,30.53888888888889,43.77722222222222,16.845555555555553
507,Whole Year,810.6818815357293,26.015740740740743,43.88055555555556,10.402222222222223
507,Winter,614.8995279533168,24.576333333333334,34.571666666666665,12.833333333333334
508,Autumn,641.485276631459,30.94966666666667,46.340555555555554,21.62611111111111
508,Kharif,852.1087563931941,27.401777777777777,42.64666666666667,16.427222222222223
508,Rabi,68.53377829388612,24.883444444444443,41.79777777777778,10.532222222222224
508,Summer,196.8394169385234,32.7025,46.422222222222224,17.46388888888889
508,Whole Year,963.2165192247679,27.58615740740741,46.483333333333334,10.532222222222224
508,Winter,749.4950075350977,25.874333333333333,35.63666666666667,13.302222222222222
509,Autumn,685.5851850987723,30.509888888888888,45.82611111111111,22.538333333333334
509,Kharif,894.775161769655,27.776666666666667,41.522777777777776,18.368333333333332
509,Rabi,86.24948853502671,25.08811111111111,42.105,12.627222222222223
509,Summer,231.96397978129485,31.73875,45.912777777777784,19.615555555555556
509,Whole Year,1060.1945582402664,27.56652777777778,45.99111111111111,12.627222222222223
509,Winter,812.2239123702877,26.40088888888889,36.29055555555556,14.92111111111111
510,Autumn,586.0685571611282,29.74122222222222,38.233333333333334,25.866666666666667
510,Kharif,917.2388597291613,28.864666666666665,35.40555555555555,24.662777777777777
510,Rabi,144.40364822526533,26.145666666666664,32.31333333333333,21.662222222222223
510,Summer,211.46095696002953,29.768333333333334,38.09166666666667,24.81888888888889
510,Whole Year,1132.3468779023913,27.984583333333333,37.94777777777777,21.593888888888888
510,Winter,892.5003347975157,28.098111111111113,33.08611111111111,22.906666666666666
511,Autumn,384.9949067656502,29.105444444444444,43.15277777777778,20.469444444444445
511,Kharif,554.9010175025021,26.49411111111111,38.391666666666666,16.975555555555555
511,Rabi,47.99338791740161,25.119444444444444,40.65833333333333,12.151666666666666
511,Summer,181.57114749981295,30.454722222222227,43.150555555555556,17.718888888888888
511,Whole Year,680.8876771506749,26.83638888888889,43.187777777777775,12.151666666666666
511,Winter,489.45085963310186,25.554222222222222,35.76111111111111,14.15611111111111
512,Autumn,453.0390908901614,29.090555555555554,43.83722222222222,20.391666666666666
512,Kharif,639.6188078765515,26.17211111111111,38.97388888888889,16.662222222222223
512,Rabi,40.56328731782182,24.51311111111111,40.669444444444444,11.66777777777778
512,Summer,169.6144160469649,30.570555555555554,43.85944444444445,17.344444444444445
512,Whole Year,739.5441212507171,26.50611111111111,43.882222222222225,11.66777777777778
512,Winter,560.5574937684944,25.069444444444443,34.90166666666667,13.833888888888888
513,Autumn,538.0358764144281,29.202444444444446,43.51777777777777,20.174444444444443
513,Kharif,711.1824325367256,25.842333333333332,39.696666666666665,15.358333333333333
513,Rabi,63.24152480003735,23.82311111111111,40.05166666666666,10.334444444444445
513,Summer,174.08907961058947,30.89305555555556,43.61833333333333,16.99
513,Whole Year,822.166707927499,26.169907407407408,43.69555555555556,10.334444444444445
513,Winter,630.9980918520164,24.47211111111111,34.333333333333336,12.693333333333333
514,Autumn,429.4700556249806,30.793444444444447,45.62777777777777,22.065555555555555
514,Kharif,654.7430896736956,27.834,41.455000000000005,17.746111111111112
514,Rabi,58.397456936055306,25.145333333333333,41.69222222222223,12.080555555555556
514,Summer,136.3583677240682,32.045,45.71722222222222,18.892777777777777
514,Whole Year,753.2617187824928,27.706944444444446,45.77333333333333,12.080555555555556
514,Winter,601.7360497840024,26.44788888888889,36.724444444444444,14.777777777777779
515,Autumn,270.9278757209303,30.995333333333335,41.82944444444444,24.25611111111111
515,Kharif,619.1547986798815,29.632888888888893,38.904444444444444,23.232777777777777
515,Rabi,379.1923784413547,25.628,37.062777777777775,18.621111111111112
515,Summer,103.2996189057551,30.834722222222222,41.69777777777777,21.521666666666665
515,Whole Year,1047.632822594157,28.321620370370372,41.76,18.621111111111112
515,Winter,832.3153952647139,28.499222222222222,36.55111111111111,20.996111111111112
516,Autumn,690.2528725219545,29.810444444444443,44.476111111111116,20.500555555555554
516,Kharif,865.6887932574307,26.28977777777778,41.02055555555555,15.57111111111111
516,Rabi,57.501446874881225,24.287555555555556,40.66555555555556,10.278333333333332
516,Summer,201.98214144328676,31.596249999999998,44.585,16.803888888888892
516,Whole Year,962.0020542404166,26.686296296296298,44.626666666666665,10.278333333333332
516,Winter,742.2884868957377,24.881,34.56666666666667,13.075
517,Autumn,394.56590848614775,30.886444444444447,43.166666666666664,24.091666666666665
517,Kharif,703.264779106776,29.241777777777777,39.66444444444445,21.866666666666667
517,Rabi,210.3777428838114,25.76422222222222,37.89555555555555,17.1
517,Summer,164.0383443325758,31.07236111111111,43.17444444444445,21.806666666666665
517,Whole Year,991.0585589777264,28.27310185185185,43.297222222222224,17.1
517,Winter,756.902815050549,28.08911111111111,36.70388888888888,19.534444444444446
518,Autumn,495.9166304493944,28.44311111111111,43.06722222222223,19.780555555555555
518,Kharif,669.6994260946909,25.416777777777778,38.52166666666667,15.697222222222223
518,Rabi,58.78616203740239,23.585444444444445,39.892222222222216,10.636666666666667
518,Summer,176.40511815125743,29.976944444444445,43.12722222222222,16.88888888888889
518,Whole Year,788.0538593410618,25.718287037037037,43.20444444444444,10.636666666666667
518,Winter,598.4591408262236,24.239666666666665,33.93,12.792222222222222
519,Autumn,653.6131483509585,29.107000000000003,36.74055555555556,25.281111111111112
519,Kharif,971.5393678612179,28.18111111111111,34.355,23.61
519,Rabi,109.22732904705184,24.950444444444443,33.897777777777776,18.030555555555555
519,Summer,273.77827602569704,29.27861111111111,36.67722222222223,23.04388888888889
519,Whole Year,1174.6101562202805,27.12736111111111,36.66777777777778,18.030555555555555
519,Winter,873.8933292086477,27.332666666666668,31.845000000000002,20.705
520,Autumn,503.06628892918434,28.82622222222222,42.23388888888889,22.178888888888892
520,Kharif,833.9090224795872,26.731333333333332,37.64388888888889,18.92888888888889
520,Rabi,149.63280420286787,23.396,38.95611111111111,12.531666666666666
520,Summer,235.2481956660748,29.611666666666665,42.08611111111111,19.334444444444443
520,Whole Year,1064.640389328036,26.029907407407407,42.050555555555555,12.531666666666666
520,Winter,792.9320952796274,25.484444444444442,33.03666666666666,15.212777777777777
521,Autumn,584.5190929675268,29.880333333333333,43.29388888888889,23.350555555555555
521,Kharif,858.7673163016638,27.775555555555556,38.92166666666667,19.711666666666666
521,Rabi,117.58921995412351,24.240666666666666,40.005,12.687777777777777
521,Summer,268.33322657049735,30.645,43.14722222222222,20.281111111111112
521,Whole Year,1073.0631567308576,26.986805555555556,43.093888888888884,12.687777777777777
521,Winter,777.8917405916792,26.480555555555554,34.142222222222216,15.644444444444446
522,Autumn,704.7307139805829,30.634333333333334,46.03722222222222,21.83111111111111
522,Kharif,936.7359822160668,27.34588888888889,42.23166666666666,16.816111111111113
522,Rabi,65.16775074942659,24.769666666666666,41.72555555555555,10.845
522,Summer,204.1801793511129,32.257361111111116,46.14111111111111,18.103333333333335
522,Whole Year,1051.5770121421665,27.41148148148148,46.24666666666667,10.845
522,Winter,840.1982340576748,25.868555555555556,35.63944444444444,13.359444444444444
523,Autumn,595.319289509621,29.79588888888889,40.748333333333335,24.607222222222223
523,Kharif,951.5760165502628,28.376333333333335,37.236666666666665,22.675555555555558
523,Rabi,133.3725018005611,25.764333333333333,36.419999999999995,18.544444444444444
523,Summer,219.85320413257512,30.235694444444448,40.61055555555556,22.684444444444445
523,Whole Year,1162.346505394102,27.73708333333333,40.52222222222222,18.544444444444444
523,Winter,929.7729882150888,27.44988888888889,33.985,20.395555555555557
524,Autumn,292.1186567009599,28.075555555555557,42.44777777777778,19.451666666666668
524,Kharif,462.0551105636965,25.69344444444444,37.69777777777777,15.907222222222222
524,Rabi,33.55265040302442,24.614444444444445,40.12166666666667,10.825555555555555
524,Summer,155.0272879720562,29.655416666666667,42.483333333333334,16.522777777777776
524,Whole Year,567.6465239805617,26.16759259259259,42.50055555555556,10.825555555555555
524,Winter,402.26973500633954,24.930666666666667,34.61333333333333,13.023333333333333
525,Autumn,435.5140745859179,25.087888888888887,38.843333333333334,17.511666666666667
525,Kharif,591.6124172889524,23.179444444444446,33.58444444444444,15.662777777777778
525,Rabi,85.0438802452344,22.36388888888889,37.63666666666667,9.943333333333333
525,Summer,245.56862191307462,26.420555555555556,38.82944444444445,14.782777777777776
525,Whole Year,843.7492014864046,23.54546296296296,38.82944444444445,9.943333333333333
525,Winter,583.933118108246,22.50588888888889,31.702222222222222,12.791111111111112
526,Autumn,402.7692038674413,25.087888888888887,38.843333333333334,17.511666666666667
526,Kharif,568.7350150184866,23.179444444444446,33.58444444444444,15.662777777777778
526,Rabi,79.0642900855085,22.36388888888889,37.63666666666667,9.943333333333333
526,Summer,213.7768747947282,26.420555555555556,38.82944444444445,14.782777777777776
526,Whole Year,782.7955534404811,23.54546296296296,38.82944444444445,9.943333333333333
526,Winter,556.1191565661151,22.50588888888889,31.702222222222222,12.791111111111112
527,Autumn,343.7965953198986,26.53066666666667,41.52166666666667,18.650555555555556
527,Kharif,488.1240740981367,24.36477777777778,35.755,15.536666666666665
527,Rabi,43.50340542424884,24.188444444444443,39.73,10.897777777777778
527,Summer,176.9442261641638,28.181805555555556,41.607777777777784,15.708333333333334
527,Whole Year,604.744819989221,25.145324074074075,41.607777777777784,10.897777777777778
527,Winter,419.80083962985213,23.814444444444447,32.67333333333333,12.968333333333334
528,Autumn,264.3748437207606,29.072444444444443,43.114444444444445,20.556666666666665
528,Kharif,433.0747902832097,26.622111111111114,38.47333333333333,16.955
528,Rabi,41.35952611412439,25.437333333333335,40.80277777777778,12.20388888888889
528,Summer,125.64643647728695,30.46277777777778,43.138333333333335,17.98111111111111
528,Whole Year,535.4630011988597,27.008009259259257,43.138333333333335,12.20388888888889
528,Winter,400.03512170848745,25.75411111111111,36.07722222222222,14.198888888888888
529,Autumn,545.0024996642713,29.046222222222223,43.67055555555556,19.875
529,Kharif,742.5488142742786,25.645444444444443,39.68111111111111,14.845555555555556
529,Rabi,51.59260300500893,23.765777777777778,40.335,9.962222222222222
529,Summer,186.04954804158135,30.739583333333332,43.742222222222225,16.45611111111111
529,Whole Year,844.8109204662435,26.046574074074073,43.79333333333333,9.962222222222222
529,Winter,649.2559914284466,24.310000000000002,34.49388888888889,12.316666666666668
530,Autumn,296.7637602078418,28.688888888888886,42.99888888888889,19.79888888888889
530,Kharif,475.3349010547002,26.117666666666665,38.55222222222222,15.634444444444446
530,Rabi,29.51512386639499,24.565111111111108,40.35055555555556,10.246666666666666
530,Summer,143.7082593511376,30.241111111111113,43.007777777777775,16.563888888888886
530,Whole Year,568.5560587987097,26.444212962962965,43.05166666666666,10.246666666666666
530,Winter,419.09962584844067,25.206222222222223,35.16722222222222,12.623888888888889
531,Autumn,357.34183341871807,24.65222222222222,38.60111111111111,17.754444444444445
531,Kharif,492.17880215799363,22.942666666666668,33.02055555555555,16.158333333333335
531,Rabi,127.31137356272448,23.083444444444446,37.66833333333333,11.579444444444444
531,Summer,231.49927000342691,26.15888888888889,38.63611111111111,15.944444444444445
531,Whole Year,774.7090360649205,23.677407407407408,38.63055555555556,11.579444444444444
531,Winter,517.5524508621958,22.50311111111111,31.008333333333333,14.062777777777777
532,Autumn,1112.7907769766946,23.563333333333333,37.04277777777778,17.699444444444442
532,Kharif,1280.9084956215488,21.984666666666666,30.23,15.582222222222223
532,Rabi,88.69196918979287,21.119777777777777,35.919999999999995,10.315555555555555
532,Summer,409.00787552497866,24.7825,37.04944444444445,14.645000000000001
532,Whole Year,1524.7331380968292,22.25138888888889,37.04944444444445,10.315555555555555
532,Winter,1098.6508701737557,21.537,28.103333333333335,12.78111111111111
533,Autumn,288.93701950860793,26.278444444444446,40.43333333333333,19.174444444444443
533,Kharif,384.0958049799557,24.28622222222222,35.21722222222222,16.342222222222222
533,Rabi,61.277295245340575,24.163777777777778,39.12444444444444,11.465
533,Summer,170.5778383763024,27.91236111111111,40.47277777777778,16.819444444444443
533,Whole Year,560.4787694940137,25.014583333333334,40.47277777777778,11.465
533,Winter,379.8893713757947,23.735,32.84833333333333,13.586111111111112
534,Autumn,2900.6938671105436,26.950222222222223,36.211666666666666,23.15222222222222
534,Kharif,3299.935939364963,25.770333333333333,31.20111111111111,21.982777777777777
534,Rabi,149.5241745404761,26.619222222222223,36.49055555555556,17.981111111111108
534,Summer,1050.9979871853634,28.153333333333332,36.71611111111111,22.85
534,Whole Year,3687.8825653276094,26.60125,36.76555555555555,17.981111111111108
534,Winter,2615.0093724915273,25.631666666666668,30.612222222222222,20.061666666666667
535,Autumn,598.7347403096932,25.794444444444444,40.84722222222222,19.241111111111113
535,Kharif,709.1886006119074,23.754,34.245,16.21722222222222
535,Rabi,63.83771493851586,24.084777777777777,39.67666666666666,11.411666666666667
535,Summer,250.89206974097974,27.599027777777778,40.87888888888889,16.766111111111112
535,Whole Year,897.8971893866029,24.712870370370368,40.87888888888889,11.411666666666667
535,Winter,630.8046907641822,23.31711111111111,31.50333333333333,13.545
536,Autumn,408.639815295736,26.027555555555555,41.16777777777778,18.647777777777776
536,Kharif,519.0252304474512,23.90211111111111,34.69111111111111,15.410555555555554
536,Rabi,52.040433402897584,23.965555555555554,39.855555555555554,10.732777777777777
536,Summer,241.08734077318675,27.736944444444443,41.26166666666667,15.778888888888888
536,Whole Year,671.1012237678385,24.767731481481484,41.26166666666667,10.732777777777777
536,Winter,420.1746271861096,23.377333333333336,31.482777777777773,12.854999999999999
537,Autumn,322.6920475732121,27.038777777777778,41.36555555555556,19.256666666666668
537,Kharif,430.5652732716666,24.869222222222223,36.045,15.725000000000001
537,Rabi,60.539498253415026,24.454333333333334,39.775555555555556,11.118888888888888
537,Summer,193.14022423368363,28.643333333333334,41.39944444444445,16.568333333333335
537,Whole Year,593.0959540680051,25.540138888888887,41.39944444444445,11.118888888888888
537,Winter,391.4356760465437,24.259666666666664,33.57055555555556,13.259444444444446
538,Autumn,414.64720241780634,29.69922222222222,44.410555555555554,20.698333333333334
538,Kharif,613.5431690804752,26.641666666666666,39.57222222222222,16.11888888888889
538,Rabi,33.69185980230017,25.186777777777777,41.2,11.304444444444444
538,Summer,160.45130152301286,31.28916666666667,44.42722222222223,17.80333333333333
538,Whole Year,702.1591191955463,27.119444444444444,44.47388888888889,11.304444444444444
538,Winter,533.2544012945375,25.573999999999998,35.833888888888886,13.366666666666667
539,Autumn,464.38449168329436,23.90844444444444,37.99888888888889,17.406111111111112
539,Kharif,587.5872138893162,22.005,31.174999999999997,15.286666666666669
539,Rabi,79.47151316536798,22.06711111111111,37.117222222222225,9.886111111111111
539,Summer,274.3890634884851,25.575972222222223,38.044999999999995,15.30888888888889
539,Whole Year,832.5872346627766,22.782546296296296,38.044999999999995,9.886111111111111
539,Winter,547.9601903665397,21.528888888888886,28.327777777777776,12.655555555555557
540,Autumn,564.407088726759,25.794444444444444,40.84722222222222,19.241111111111113
540,Kharif,675.0635620399757,23.754,34.245,16.21722222222222
540,Rabi,59.26892944928948,24.084777777777777,39.67666666666666,11.411666666666667
540,Summer,266.0221319803623,27.599027777777778,40.87888888888889,16.766111111111112
540,Whole Year,846.6525805303481,24.712870370370368,40.87888888888889,11.411666666666667
540,Winter,570.6920462853654,23.31711111111111,31.50333333333333,13.545
541,Autumn,2223.1555070545937,24.220444444444446,37.43944444444444,19.135
541,Kharif,2488.8087037139467,22.793333333333333,30.051666666666662,17.15722222222222
541,Rabi,133.9847318397628,23.465,37.26166666666667,12.796666666666667
541,Summer,819.8595242802468,25.71402777777778,37.650555555555556,17.775555555555556
541,Whole Year,2856.48506032096,23.65722222222222,37.67055555555556,12.796666666666667
541,Winter,2027.213552572661,22.541777777777778,28.701666666666668,14.858888888888888
542,Autumn,395.1836577438646,25.61877777777778,39.159444444444446,17.931666666666665
542,Kharif,565.9888958649502,23.733999999999998,34.440555555555555,16.14333333333333
542,Rabi,124.49963084221989,22.049,37.66222222222222,10.164444444444445
542,Summer,224.82151380305487,26.612638888888892,39.123333333333335,15.050555555555556
542,Whole Year,826.5817390931425,23.688333333333333,39.123333333333335,10.164444444444445
542,Winter,573.0882988555563,22.900555555555556,32.65166666666667,12.91777777777778
543,Autumn,276.54222030482356,27.874,41.794444444444444,19.801111111111112
543,Kharif,449.7016068134043,25.625666666666667,37.065,16.162777777777777
543,Rabi,41.11778412697216,24.673777777777776,39.900000000000006,11.50611111111111
543,Summer,146.74443712664976,29.32569444444444,41.81888888888889,17.10666666666667
543,Whole Year,560.9714215760016,26.07087962962963,41.81888888888889,11.50611111111111
543,Winter,406.69802519347934,24.880000000000003,34.74333333333333,13.656666666666666
544,Autumn,476.6372873013218,25.416,39.52666666666667,18.307222222222222
544,Kharif,614.7820745375421,23.517666666666667,33.59888888888889,16.13611111111111
544,Rabi,94.93511669889644,23.696222222222225,38.48555555555556,11.02888888888889
544,Summer,274.7861210743862,27.029444444444444,39.52388888888889,16.17388888888889
544,Whole Year,875.654623388968,24.32351851851852,39.52388888888889,11.02888888888889
544,Winter,588.6935001998036,22.995666666666665,31.352777777777778,13.598888888888888
545,Autumn,411.851483060254,24.65222222222222,38.60111111111111,17.754444444444445
545,Kharif,489.93649875455435,22.942666666666668,33.02055555555555,16.158333333333335
545,Rabi,104.34563096229815,23.083444444444446,37.66833333333333,11.579444444444444
545,Summer,285.58249080884787,26.15888888888889,38.63611111111111,15.944444444444445
545,Whole Year,770.1279075066042,23.677407407407408,38.63055555555556,11.579444444444444
545,Winter,473.0527468509972,22.50311111111111,31.008333333333333,14.062777777777777
546,Autumn,310.277678749731,29.323777777777778,43.52722222222222,20.573888888888888
546,Kharif,501.60753114521503,26.685444444444446,38.70444444444444,16.508333333333333
546,Rabi,30.235677286258174,25.33866666666667,40.77,11.743888888888888
546,Summer,140.04291367323862,30.743750000000002,43.55166666666666,17.850555555555555
546,Whole Year,587.0130064870334,27.063287037037036,43.55166666666666,11.743888888888888
546,Winter,436.44062572779757,25.74877777777778,35.93555555555556,13.71111111111111
547,Autumn,1103.7475720569491,25.267222222222223,37.846111111111114,20.221666666666668
547,Kharif,1306.465420310144,23.885,31.067777777777778,18.142222222222223
547,Rabi,54.86587917977185,23.222333333333335,37.06333333333333,12.972222222222221
547,Summer,376.957640412643,26.385416666666668,37.93888888888889,17.496111111111112
547,Whole Year,1477.346743688332,24.159259259259258,37.93888888888889,12.972222222222221
547,Winter,1100.9848096046458,23.51033333333333,29.411666666666665,15.382777777777777
548,Autumn,385.52343507607776,25.528000000000002,39.36388888888889,17.85
548,Kharif,536.9635772142145,23.528000000000002,33.97,15.742777777777778
548,Rabi,83.2903549561484,23.22533333333333,38.14277777777778,10.373333333333333
548,Summer,205.53893699269327,27.064861111111114,39.36888888888889,15.584444444444443
548,Whole Year,743.3685232953479,24.151712962962964,39.36888888888889,10.373333333333333
548,Winter,519.5984346320232,22.878333333333334,31.674444444444443,12.785555555555556
549,Autumn,3658.05186052786,25.854666666666667,36.46722222222222,21.765
549,Kharif,4201.306162163063,24.647666666666666,30.90888888888889,20.09777777777778
549,Rabi,122.31859684652753,24.83911111111111,36.093333333333334,15.37388888888889
549,Summer,1204.3449565478497,27.00347222222222,36.63777777777778,20.101666666666667
549,Whole Year,4525.8626556120535,25.224212962962966,36.63777777777778,15.37388888888889
549,Winter,3310.8507898291227,24.464000000000002,30.186111111111114,17.76
550,Autumn,2517.2325760014355,27.098444444444443,34.544444444444444,23.496111111111112
550,Kharif,2834.524732245891,26.162666666666667,30.979444444444443,22.19388888888889
550,Rabi,58.05150099995511,25.745,34.224999999999994,17.975555555555555
550,Summer,775.791182079249,27.807222222222222,34.632777777777775,22.025
550,Whole Year,2997.7555797431205,26.35546296296296,34.66722222222222,17.975555555555555
550,Winter,2208.0140034852343,25.914666666666665,30.307777777777776,20.22611111111111
551,Autumn,3092.3308645706898,27.886666666666667,34.736111111111114,24.586111111111112
551,Kharif,3537.5216871014345,26.965,31.714444444444446,23.075555555555557
551,Rabi,58.09756878590971,27.011444444444447,34.65611111111111,20.33111111111111
551,Summer,948.0826141174055,28.605833333333333,35.03111111111111,23.35611111111111
551,Whole Year,3682.5886544525897,27.35425925925926,35.11277777777778,20.26388888888889
551,Winter,2698.7649750683318,26.80377777777778,31.94722222222222,21.558888888888887
552,Autumn,3219.0443743901255,27.886666666666667,34.736111111111114,24.586111111111112
552,Kharif,3678.2211066175387,26.965,31.714444444444446,23.075555555555557
552,Rabi,54.07079449047645,27.011444444444447,34.65611111111111,20.33111111111111
552,Summer,999.0094745601356,28.605833333333333,35.03111111111111,23.35611111111111
552,Whole Year,3825.4987070776383,27.35425925925926,35.11277777777778,20.26388888888889
552,Winter,2798.797846769845,26.80377777777778,31.94722222222222,21.558888888888887
554,Autumn,1846.854560693105,27.63422222222222,32.67333333333333,24.602777777777778
554,Kharif,2091.6149504273026,26.86577777777778,30.13444444444444,24.555555555555557
554,Rabi,350.2879129203933,28.041777777777778,33.51611111111111,23.46333333333333
554,Summer,1068.2523699641504,28.596111111111114,33.43388888888889,25.704444444444444
554,Whole Year,2873.1525548340546,27.68365740740741,33.605555555555554,23.46333333333333
554,Winter,1717.7172469562954,26.843444444444444,30.45888888888889,24.519444444444446
555,Autumn,2125.86763539432,27.101,35.20666666666667,23.60388888888889
555,Kharif,2455.289944825349,26.20711111111111,30.66,23.435
555,Rabi,299.98846152415615,27.606111111111108,36.07277777777777,20.586666666666666
555,Summer,1071.9078185448861,28.259583333333335,36.10166666666667,24.230555555555554
555,Whole Year,3141.509341702325,27.163333333333334,36.26777777777778,20.586666666666666
555,Winter,2004.8059048211132,26.14677777777778,30.73388888888889,22.711666666666666
556,Autumn,1463.33544277317,23.238333333333333,35.56666666666667,18.223333333333333
556,Kharif,1719.2793914173487,22.138444444444445,28.982222222222227,17.84111111111111
556,Rabi,306.96933965716096,22.580444444444442,35.29277777777778,12.715555555555556
556,Summer,722.684162373758,24.462916666666665,35.80722222222222,16.248333333333335
556,Whole Year,2309.3845198993326,22.786712962962966,35.80722222222222,12.715555555555556
556,Winter,1505.2774036775033,21.962888888888887,28.446111111111108,15.573888888888888
557,Autumn,2526.3313580022914,25.162222222222223,36.26611111111111,20.815
557,Kharif,2812.557047408304,23.955222222222222,29.903333333333332,19.42
557,Rabi,153.83667735226544,24.86111111111111,36.42388888888889,15.92888888888889
557,Summer,1052.2437812576509,26.478194444444444,36.60944444444445,20.158333333333335
557,Whole Year,3244.9471990757243,24.825462962962963,36.655,15.92888888888889
557,Winter,2165.8555614357742,23.773555555555557,28.985555555555557,17.754444444444445
558,Autumn,3133.797220132831,27.180111111111113,34.30722222222222,23.845555555555556
558,Kharif,3504.5073504977754,26.183666666666667,30.38888888888889,23.09
558,Rabi,156.7430658524649,27.03922222222222,34.88444444444444,20.248333333333335
558,Summer,1262.7640679743554,28.215694444444445,34.931666666666665,24.030555555555555
558,Whole Year,3968.9652460422367,26.93912037037037,35.055,20.248333333333335
558,Winter,2663.823012262583,26.07411111111111,30.168888888888887,21.827222222222222
559,Autumn,1187.5549824552404,25.992222222222225,36.489999999999995,21.736666666666665
559,Kharif,1411.7636797770306,25.021,30.46388888888889,21.35666666666667
559,Rabi,423.2786933228511,25.667333333333332,37.361111111111114,16.9
559,Summer,740.0591849866839,27.167777777777776,37.474444444444444,20.79888888888889
559,Whole Year,2194.979820747687,25.681574074074074,37.474444444444444,16.9
559,Winter,1335.7179082311966,24.848333333333333,30.08277777777778,19.572222222222223
560,Autumn,2191.527863740921,24.802444444444447,36.511111111111106,20.041666666666668
560,Kharif,2515.9882292747498,23.764,30.116111111111113,19.684444444444445
560,Rabi,361.39698593090804,24.369555555555554,36.82222222222222,15.338333333333331
560,Summer,1172.7955564839972,26.02375,37.03888888888889,18.650555555555556
560,Whole Year,3332.670088134913,24.44824074074074,37.03888888888889,15.338333333333331
560,Winter,2080.4875858624778,23.612000000000002,29.654444444444444,17.846111111111114
561,Autumn,1949.861806615635,26.596888888888888,34.84388888888889,22.996666666666666
561,Kharif,2161.839496541906,25.596111111111114,30.272777777777776,22.40722222222222
561,Rabi,164.473184392822,26.789,35.376666666666665,19.837222222222223
561,Summer,905.323675037396,27.74972222222222,35.504444444444445,23.408333333333335
561,Whole Year,2601.2769987642487,26.504166666666666,35.57888888888888,19.837222222222223
561,Winter,1672.6040640627896,25.514666666666667,29.86888888888889,21.431666666666665
562,Autumn,1783.4138490425216,25.359111111111112,37.375,20.711666666666666
562,Kharif,2098.117095099555,24.130666666666666,30.578888888888887,19.795
562,Rabi,209.79521170134345,25.273000000000003,37.60277777777778,15.853333333333333
562,Summer,853.1625803022956,26.78375,37.82944444444444,19.87388888888889
562,Whole Year,2568.522794639485,25.111157407407408,37.85055555555555,15.853333333333333
562,Winter,1692.2015462782647,23.953222222222223,29.646666666666665,17.83555555555556
563,Autumn,1235.82533398312,25.359111111111112,37.375,20.711666666666666
563,Kharif,1484.3362514317769,24.130666666666666,30.578888888888887,19.795
563,Rabi,200.0331637268357,25.273000000000003,37.60277777777778,15.853333333333333
563,Summer,603.4654589814628,26.78375,37.82944444444444,19.87388888888889
563,Whole Year,1891.0763166791496,25.111157407407408,37.85055555555555,15.853333333333333
563,Winter,1253.3326819171139,23.953222222222223,29.646666666666665,17.83555555555556
564,Autumn,1225.2348863946986,24.802444444444447,36.511111111111106,20.041666666666668
564,Kharif,1454.4429457781398,23.764,30.116111111111113,19.684444444444445
564,Rabi,399.10593503423866,24.369555555555554,36.82222222222222,15.338333333333331
564,Summer,708.7453854769284,26.02375,37.03888888888889,18.650555555555556
564,Whole Year,2170.267545422102,24.44824074074074,37.03888888888889,15.338333333333331
564,Winter,1342.7797398214445,23.612000000000002,29.654444444444444,17.846111111111114
565,Autumn,602.7154346646535,27.031444444444446,34.53388888888889,23.692777777777778
565,Kharif,771.2376955201229,26.150666666666666,30.303333333333335,23.586666666666666
565,Rabi,460.3560767482138,26.88211111111111,35.51555555555555,19.892777777777777
565,Summer,431.4685595275627,28.071388888888887,35.57333333333334,23.494999999999997
565,Whole Year,1455.3149879841756,26.816759259259257,35.57333333333334,19.892777777777777
565,Winter,868.5118750631809,26.03033333333333,30.18444444444445,22.21388888888889
566,Autumn,1788.7883704568223,26.850444444444445,37.61,22.70888888888889
566,Kharif,2100.7669847747425,25.746111111111112,31.346666666666668,22.29722222222222
566,Rabi,197.59867717192313,27.157333333333334,38.15166666666667,18.206111111111113
566,Summer,876.7858329801188,28.229166666666668,38.285,22.653888888888886
566,Whole Year,2583.3178340058635,26.785740740740742,38.39888888888889,18.206111111111113
566,Winter,1668.528877414303,25.61411111111111,30.86,20.323888888888888
567,Autumn,1189.9671613949315,23.848333333333333,37.09166666666667,18.495555555555555
567,Kharif,1342.586176616174,22.456888888888887,29.887777777777778,17.223333333333333
567,Rabi,133.34894448546345,23.308222222222224,36.89722222222222,13.032777777777778
567,Summer,569.0335986791523,25.3425,37.254444444444445,17.35388888888889
567,Whole Year,1686.2580748512237,23.384074074074075,37.254444444444445,13.032777777777778
567,Winter,1094.7539443702055,22.23288888888889,28.427777777777777,15.270000000000001
568,Autumn,327.77053934035615,30.27444444444445,41.14666666666667,23.901111111111113
568,Kharif,679.5874363068077,28.99777777777778,39.00833333333333,22.715
568,Rabi,487.8121769606239,25.594444444444445,37.19722222222222,18.543333333333333
568,Summer,130.41875489542468,30.20736111111111,40.97944444444445,21.232222222222223
568,Whole Year,1228.1133360451915,27.905370370370367,41.025000000000006,18.543333333333333
568,Winter,915.1500794738531,27.98988888888889,37.281666666666666,20.796666666666667
569,Autumn,303.63511116492253,25.253,38.864444444444445,19.191666666666666
569,Kharif,433.01220260912345,23.797777777777778,33.05444444444444,18.166666666666668
569,Rabi,225.3645774555496,23.898666666666667,38.504444444444445,12.997777777777777
569,Summer,199.8686775556869,26.657638888888886,39.04277777777778,17.387222222222224
569,Whole Year,766.7643254036084,24.42203703703704,39.04277777777778,12.997777777777777
569,Winter,504.5765973124653,23.421777777777777,31.672222222222224,15.594444444444443
570,Autumn,290.5912192756379,30.486444444444444,41.903333333333336,23.209999999999997
570,Kharif,528.6899149676578,29.245333333333335,40.02111111111111,22.166666666666668
570,Rabi,607.1467832292395,25.63711111111111,39.245,16.950000000000003
570,Summer,161.07693555592385,30.35402777777778,41.84444444444445,20.233333333333334
570,Whole Year,1222.426152853364,28.041851851851852,41.79388888888889,16.950000000000003
570,Winter,841.2873314155472,28.176444444444442,39.04388888888889,19.317777777777778
571,Autumn,390.3838147177464,27.787111111111113,41.07055555555556,19.986666666666665
571,Kharif,533.9065231647756,26.013333333333335,37.22277777777778,17.994999999999997
571,Rabi,158.50688203838138,23.823555555555558,39.56111111111111,12.199444444444445
571,Summer,231.64927277879582,28.56319444444445,41.086666666666666,16.905555555555555
571,Whole Year,849.8400542922318,25.68111111111111,41.086666666666666,12.199444444444445
571,Winter,579.8722123006979,25.084777777777777,35.785,14.729444444444445
572,Autumn,366.6708369714518,29.092777777777776,41.458333333333336,21.790555555555557
572,Kharif,528.0441052661174,27.70122222222222,38.657222222222224,20.377222222222223
572,Rabi,279.68509595334115,25.264,40.00611111111111,14.55888888888889
572,Summer,235.0441092674931,29.66111111111111,41.465555555555554,18.74722222222222
572,Whole Year,937.6141170564418,27.13949074074074,41.465555555555554,14.55888888888889
572,Winter,614.8676232012609,26.83711111111111,37.61333333333333,17.20888888888889
573,Autumn,299.94448554902164,28.081777777777777,41.153333333333336,20.54388888888889
573,Kharif,425.02018563007863,26.507888888888893,37.916111111111114,18.655555555555555
573,Rabi,185.7138049169271,24.794333333333334,39.74666666666667,13.261111111111111
573,Summer,205.2242696292836,28.938333333333333,41.17944444444444,18.14
573,Whole Year,745.0498558754722,26.336296296296293,41.17944444444444,13.261111111111111
573,Winter,499.4209285270837,25.72288888888889,36.611666666666665,15.805555555555555
574,Autumn,327.76504561160175,30.27444444444445,41.14666666666667,23.901111111111113
574,Kharif,669.3656869232655,28.99777777777778,39.00833333333333,22.715
574,Rabi,482.2299802201903,25.594444444444445,37.19722222222222,18.543333333333333
574,Summer,134.13803137135176,30.20736111111111,40.97944444444445,21.232222222222223
574,Whole Year,1214.7769034132361,27.905370370370367,41.025000000000006,18.543333333333333
574,Winter,902.4057686560684,27.98988888888889,37.281666666666666,20.796666666666667
575,Autumn,380.89026300184844,26.177,37.99,21.13111111111111
575,Kharif,485.6647844236965,25.214333333333332,33.34444444444445,20.471111111111114
575,Rabi,408.53222970954243,25.122555555555557,38.166111111111114,15.813333333333333
575,Summer,306.67077939512416,27.221111111111114,38.53,19.60666666666667
575,Whole Year,1057.1346795692418,25.568055555555553,38.53,15.813333333333333
575,Winter,610.8802151978016,24.929666666666666,32.68333333333333,18.37722222222222
576,Autumn,327.4075772200401,29.317777777777778,41.965,21.733888888888888
576,Kharif,483.77526027295323,27.79722222222222,39.095,20.124444444444446
576,Rabi,292.4146183288346,25.508888888888887,40.550555555555555,14.223333333333333
576,Summer,189.62383620741053,29.967916666666667,42.01166666666667,18.494444444444447
576,Whole Year,884.7516793599352,27.33773148148148,42.01166666666667,14.223333333333333
576,Winter,608.8708943335546,26.918888888888887,37.958333333333336,16.787222222222223
577,Autumn,380.9592463272957,26.62988888888889,40.205000000000005,19.056666666666665
577,Kharif,524.2436614393451,24.76677777777778,35.778888888888886,17.060555555555553
577,Rabi,127.11999895391457,22.96077777777778,38.71333333333334,11.199444444444445
577,Summer,231.00120929292876,27.574583333333333,40.18888888888889,16.066666666666666
577,Whole Year,809.4118987448329,24.652083333333334,40.18888888888889,11.199444444444445
577,Winter,551.4663462774989,23.901555555555557,34.06111111111111,13.82388888888889
578,Autumn,401.92639135983256,28.982222222222227,41.330555555555556,21.582222222222224
578,Kharif,530.79498497921,27.723444444444443,38.80722222222222,20.31222222222222
578,Rabi,292.4485083411413,25.33088888888889,40.010555555555555,14.974444444444446
578,Summer,268.0027448478396,29.45527777777778,41.416666666666664,18.94388888888889
578,Whole Year,990.1581105966535,27.127962962962965,41.474444444444444,14.974444444444446
578,Winter,617.578140699753,26.900333333333336,37.943333333333335,17.768888888888892
579,Autumn,336.2243600719505,29.539666666666662,33.90277777777778,26.346111111111114
579,Kharif,535.9600007070435,28.97611111111111,33.355,25.66611111111111
579,Rabi,732.6076379359389,26.732000000000003,31.727222222222224,23.18111111111111
579,Summer,222.5879304749477,29.33652777777778,33.867777777777775,25.060555555555553
579,Whole Year,1399.9946593504606,28.17564814814815,33.88777777777778,23.18111111111111
579,Winter,882.601163794597,28.45844444444445,33.10333333333333,24.936666666666667
580,Autumn,326.5651199172975,28.93477777777778,41.83722222222222,21.022222222222222
580,Kharif,434.5530763949371,27.29211111111111,38.8,19.119999999999997
580,Rabi,191.8244813064941,24.908333333333335,40.388888888888886,13.259444444444444
580,Summer,193.22156766843466,29.569861111111113,41.861666666666665,17.75888888888889
580,Whole Year,757.0336917769164,26.817824074074075,41.861666666666665,13.259444444444444
580,Winter,510.7062628625168,26.351777777777777,37.57944444444444,15.880555555555556
581,Autumn,329.36627448267404,29.02288888888889,41.71277777777778,21.279444444444444
581,Kharif,502.9706734233984,27.535222222222224,38.95166666666667,19.712222222222223
581,Rabi,391.1815862604589,24.587,40.138888888888886,13.882777777777777
581,Summer,177.46685222853662,29.32263888888889,41.77166666666667,17.596111111111114
581,Whole Year,1002.2340781549335,26.736574074074074,41.77166666666667,13.882777777777777
581,Winter,700.6115852793058,26.531444444444443,37.95722222222222,16.433888888888887
582,Autumn,340.07810920449316,30.099333333333334,41.67277777777778,22.714444444444446
582,Kharif,509.7692102370438,28.860888888888887,39.85055555555556,21.487777777777776
582,Rabi,440.0502056536023,25.907888888888888,40.24444444444444,15.739444444444445
582,Summer,209.65657546785144,30.28166666666667,41.73833333333333,19.42111111111111
582,Whole Year,1072.1244775822593,27.96972222222222,41.76611111111111,15.739444444444445
582,Winter,689.2710565295483,27.89677777777778,39.06444444444444,18.425555555555558
583,Autumn,272.43370389924553,29.379444444444445,37.60722222222223,24.156111111111112
583,Kharif,415.49888773046337,28.543111111111116,36.48222222222222,23.403888888888886
583,Rabi,412.7936890551153,26.560666666666666,36.599999999999994,19.594444444444445
583,Summer,203.9804917646595,29.592083333333335,37.733333333333334,22.543888888888887
583,Whole Year,953.6308096907113,27.97277777777778,37.861111111111114,19.594444444444445
583,Winter,578.7258240853287,27.953111111111113,36.10833333333333,21.545555555555556
584,Autumn,390.670310417949,28.93477777777778,41.83722222222222,21.022222222222222
584,Kharif,542.9075702907586,27.29211111111111,38.8,19.119999999999997
584,Rabi,198.40701039438997,24.908333333333335,40.388888888888886,13.259444444444444
584,Summer,215.38831152656564,29.569861111111113,41.861666666666665,17.75888888888889
584,Whole Year,887.3681750588671,26.817824074074075,41.861666666666665,13.259444444444444
584,Winter,615.287816758233,26.351777777777777,37.57944444444444,15.880555555555556
585,Autumn,320.32242057431074,29.878333333333337,40.30888888888889,23.095
585,Kharif,488.64575872508186,28.84111111111111,39.07722222222222,21.92833333333333
585,Rabi,356.3702392170413,26.105444444444444,39.06888888888889,17.030555555555555
585,Summer,212.55475595510669,29.97291666666667,40.42944444444444,20.623333333333335
585,Whole Year,969.1324847052908,27.974212962962962,40.57277777777777,17.030555555555555
585,Winter,613.2920234967023,27.992333333333335,38.599444444444444,19.496666666666666
586,Autumn,352.0007513809811,30.25388888888889,39.18944444444444,24.389444444444443
586,Kharif,533.128881200872,29.312111111111108,38.08611111111111,23.254444444444445
586,Rabi,578.9736961736861,26.172777777777778,37.373333333333335,18.75722222222222
586,Summer,218.77329110285197,30.12388888888889,39.169444444444444,21.94666666666667
586,Whole Year,1244.488301931363,28.225185185185186,39.236666666666665,18.75722222222222
586,Winter,800.8711246964004,28.421111111111113,37.61833333333333,20.98
587,Autumn,571.3358476746965,24.34188888888889,37.945,17.690555555555555
587,Kharif,762.1372576946461,22.817777777777778,32.91777777777778,16.556666666666665
587,Rabi,315.3730681768998,22.60688888888889,37.218333333333334,11.793333333333333
587,Summer,338.7126082188829,25.669583333333335,38.04222222222222,15.901111111111113
587,Whole Year,1241.3702770823406,23.338333333333335,38.04222222222222,11.793333333333333
587,Winter,818.8876948036528,22.39388888888889,31.171111111111113,14.229444444444445
588,Autumn,508.77890934257044,24.816111111111113,37.62833333333334,18.09111111111111
588,Kharif,646.8118378226128,23.48388888888889,33.28944444444445,17.16111111111111
588,Rabi,337.1538936542347,22.48988888888889,36.55388888888889,12.912777777777778
588,Summer,333.26009688153863,25.799166666666665,37.715555555555554,16.416666666666668
588,Whole Year,1157.8992877918192,23.586944444444445,37.715555555555554,12.912777777777778
588,Winter,712.6436029180056,22.999777777777776,32.14611111111111,15.298333333333334
589,Autumn,313.0802237708536,30.457111111111107,41.492777777777775,23.795
589,Kharif,645.9129803776741,29.092111111111112,38.986666666666665,22.691111111111113
589,Rabi,466.59525136980744,25.420333333333335,37.56166666666667,18.408333333333335
589,Summer,126.06645712082587,30.367222222222225,41.345,20.969444444444445
589,Whole Year,1170.5649206127557,27.917916666666667,41.35166666666667,18.408333333333335
589,Winter,868.7432256049581,28.018666666666668,37.14,20.721666666666668
590,Autumn,342.9489117230254,30.25388888888889,39.18944444444444,24.389444444444443
590,Kharif,536.7613398562427,29.312111111111108,38.08611111111111,23.254444444444445
590,Rabi,675.4953059868681,26.172777777777778,37.373333333333335,18.75722222222222
590,Summer,222.64313560455207,30.12388888888889,39.169444444444444,21.94666666666667
590,Whole Year,1344.9840440260314,28.225185185185186,39.236666666666665,18.75722222222222
590,Winter,852.999329942244,28.421111111111113,37.61833333333333,20.98
591,Autumn,347.5501664187069,29.75222222222222,42.044444444444444,22.14
591,Kharif,508.9140463151313,28.370333333333335,39.66555555555556,20.762222222222224
591,Rabi,383.4510027475103,25.436999999999998,40.535555555555554,14.809999999999999
591,Summer,194.11178123150708,30.029861111111114,42.092777777777776,18.44388888888889
591,Whole Year,1011.4996689327612,27.54462962962963,42.092777777777776,14.809999999999999
591,Winter,686.9798278872062,27.386000000000003,38.769444444444446,17.525555555555556
592,Autumn,213.20844655946172,26.177,37.99,21.13111111111111
592,Kharif,278.9542185107453,25.214333333333332,33.34444444444445,20.471111111111114
592,Rabi,381.1377306641252,25.122555555555557,38.166111111111114,15.813333333333333
592,Summer,190.27503834961465,27.221111111111114,38.53,19.60666666666667
592,Whole Year,771.7544863674514,25.568055555555553,38.53,15.813333333333333
592,Winter,443.34366582375435,24.929666666666666,32.68333333333333,18.37722222222222
593,Autumn,364.9183049842163,28.19511111111111,41.60944444444445,20.18722222222222
593,Kharif,569.4606336907104,26.433777777777777,37.68222222222222,18.450000000000003
593,Rabi,289.7686194889247,23.831555555555557,39.82388888888889,12.785
593,Summer,176.10125860792618,28.78805555555555,41.599444444444444,17.20888888888889
593,Whole Year,964.3728848630906,25.899768518518517,41.599444444444444,12.785
593,Winter,683.1063961585363,25.418777777777777,36.26888888888889,15.09388888888889
594,Autumn,252.47140959001797,28.629222222222225,38.931666666666665,23.170555555555556
594,Kharif,354.2696491508848,27.73177777777778,36.57388888888889,22.442777777777778
594,Rabi,424.292121624781,26.588222222222225,38.26444444444444,18.309444444444445
594,Summer,210.56925119570008,29.24513888888889,39.14333333333334,21.78
594,Whole Year,894.7139439537293,27.588564814814813,39.25277777777777,18.309444444444445
594,Winter,509.64427720162047,27.25411111111111,35.96,20.40722222222222
595,Autumn,399.2152017073499,27.552222222222223,41.08777777777778,19.46611111111111
595,Kharif,619.8665358225504,25.71211111111111,36.81444444444444,17.680555555555557
595,Rabi,268.96849643811584,23.193333333333335,39.27,12.177222222222222
595,Summer,182.30902327804102,28.22791666666667,41.031666666666666,16.77722222222222
595,Whole Year,988.4502644882434,25.25162037037037,41.031666666666666,12.177222222222222
595,Winter,708.5681008564102,24.702444444444446,35.18833333333333,14.327222222222222
596,Autumn,245.81816156084338,30.328222222222223,42.48444444444445,22.70888888888889
596,Kharif,489.9984302125457,28.92777777777778,40.07888888888888,21.413333333333334
596,Rabi,490.2452903621727,25.25788888888889,39.48777777777778,15.766666666666667
596,Summer,122.91342307337456,30.27152777777778,42.391666666666666,19.480555555555554
596,Whole Year,1039.7262166382538,27.75412037037037,42.345,15.766666666666667
596,Winter,746.6147265450822,27.798777777777776,38.84444444444445,18.319444444444443
597,Autumn,364.42218965195394,28.92011111111111,41.185,22.066666666666666
597,Kharif,474.4944393739656,27.804555555555556,38.465555555555554,21.056666666666665
597,Rabi,330.95587020615733,26.25122222222222,40.23444444444445,16.43722222222222
597,Summer,255.4008454174079,29.552222222222227,41.36222222222222,20.18777777777778
597,Whole Year,964.4411364469538,27.54138888888889,41.39333333333334,16.43722222222222
597,Winter,584.0258573564114,27.18588888888889,37.70333333333333,18.981111111111108
598,Autumn,314.17406999154224,29.767444444444443,35.225,25.724444444444444
598,Kharif,526.1010353184408,29.13711111111111,34.45722222222222,25.078333333333333
598,Rabi,687.6787599952271,26.555555555555557,32.59888888888889,22.47722222222222
598,Summer,203.02033804750278,29.502777777777776,35.144444444444446,24.461111111111112
598,Whole Year,1329.785892319141,28.202314814814812,35.18222222222222,22.47722222222222
598,Winter,857.4692562537061,28.519888888888886,34.114444444444445,24.34
600,Autumn,271.48071800710426,29.842111111111112,36.53611111111111,25.49111111111111
600,Kharif,541.3404533211142,29.080333333333336,35.407222222222224,24.858333333333334
600,Rabi,591.8502524348182,26.127444444444443,32.934444444444445,21.24111111111111
600,Summer,140.93030630714364,29.55569444444445,36.41722222222222,23.702777777777776
600,Whole Year,1203.2960387557332,28.020833333333332,36.37222222222223,21.24111111111111
600,Winter,841.8069929050075,28.350555555555555,34.73833333333333,23.200000000000003
602,Autumn,553.8888641993204,28.544666666666664,31.05111111111111,26.67388888888889
602,Kharif,671.8632422553169,27.98511111111111,29.46611111111111,26.270555555555557
602,Rabi,52.46780566705598,27.529777777777777,30.40888888888889,24.755
602,Summer,316.05082590381306,28.734444444444446,31.05888888888889,26.140555555555554
602,Whole Year,867.5266960097683,27.98814814814815,31.078333333333333,24.755
602,Winter,551.1962582005394,27.874000000000002,29.300555555555555,26.230555555555554
603,Autumn,983.4384000334475,28.39688888888889,29.931666666666665,26.38111111111111
603,Kharif,1394.9015453126694,27.94788888888889,29.41,25.883333333333333
603,Rabi,86.22098557071553,27.535666666666668,29.171111111111113,25.586111111111112
603,Summer,264.9738295111391,28.47138888888889,29.950000000000003,26.53
603,Whole Year,1573.1541709130008,27.900185185185183,30.00222222222222,25.54
603,Winter,1274.3107453948921,27.754444444444445,29.120555555555555,25.759444444444444
604,Autumn,370.463621114875,32.882444444444445,46.90833333333333,16.288888888888888
604,Kharif,453.88412414491177,30.717444444444443,45.86277777777778,15.380000000000003
604,Rabi,41.21615200048243,18.323555555555558,38.74666666666667,2.6883333333333335
604,Summer,78.32824595934814,31.290138888888887,46.964444444444446,9.899999999999999
604,Whole Year,519.4332866149,25.91236111111111,46.958888888888886,2.6883333333333335
604,Winter,412.3912619264957,27.747888888888887,43.015,9.548333333333334
605,Autumn,303.5323543632058,33.41466666666667,47.87611111111111,15.10277777777778
605,Kharif,368.9642038971737,31.690888888888892,46.93111111111111,14.895555555555555
605,Rabi,56.57337067000291,17.21588888888889,37.44722222222222,1.663333333333333
605,Summer,104.16772621918331,30.800138888888892,47.78333333333333,8.842777777777776
605,Whole Year,453.73216988015224,25.748657407407407,47.92,1.663333333333333
605,Winter,309.18940913442657,28.445111111111107,44.56,8.693333333333333
606,Autumn,897.402800562757,28.64611111111111,43.894444444444446,18.212222222222223
606,Kharif,1179.9145425536014,25.673111111111112,40.87611111111111,14.08
606,Rabi,62.679844764095755,18.959444444444443,38.278888888888886,4.737777777777778
606,Summer,310.8049194360221,29.12236111111111,43.86055555555556,12.356111111111112
606,Whole Year,1323.030651477752,23.775740740740744,43.907222222222224,4.737777777777778
606,Winter,970.9225537838344,23.527555555555555,32.43888888888889,9.947777777777778
607,Autumn,748.6477626219944,29.37755555555556,44.42166666666667,18.599444444444444
607,Kharif,963.9413198839734,26.54888888888889,41.67722222222223,14.745555555555557
607,Rabi,55.15691476570511,19.11488888888889,38.56888888888889,4.924444444444444
607,Summer,251.19949782694928,29.601111111111113,44.47888888888889,12.657222222222224
607,Whole Year,1092.1502837390397,24.271296296296295,44.489999999999995,4.924444444444444
607,Winter,807.6060594996367,24.33422222222222,33.44055555555556,10.411666666666667
608,Autumn,765.6239105743804,31.052333333333333,45.97388888888889,15.398888888888889
608,Kharif,886.7518030703067,28.896666666666665,44.56777777777778,14.788888888888888
608,Rabi,151.29105884160984,17.123444444444445,35.55388888888889,4.407777777777778
608,Summer,247.77364841579558,29.404583333333335,45.995,9.915555555555555
608,Whole Year,1093.9186498295103,24.32416666666667,45.89722222222222,4.407777777777778
608,Winter,744.2457480439571,25.96011111111111,40.66277777777778,10.032777777777778
609,Autumn,468.62304625266955,33.49122222222222,48.12444444444444,15.219999999999999
609,Kharif,532.1191996415663,31.86888888888889,47.419999999999995,14.982777777777777
609,Rabi,98.92425370537158,17.007777777777775,36.71333333333334,1.941111111111111
609,Summer,144.36435206379326,30.611250000000002,47.962222222222216,9.012222222222222
609,Whole Year,670.1980736634383,25.684583333333332,48.20777777777778,1.941111111111111
609,Winter,459.0439646180926,28.522777777777776,44.690555555555555,8.991666666666667
610,Autumn,326.12446632843324,30.450444444444443,41.36055555555556,23.528888888888886
610,Kharif,531.8750675944266,29.305555555555557,39.66222222222222,22.381666666666668
610,Rabi,559.591502537054,25.833000000000002,39.14055555555555,17.417777777777776
610,Summer,189.54381600629398,30.33736111111111,41.339444444444446,20.635
610,Whole Year,1200.2701463506176,28.135787037037037,41.355,17.417777777777776
610,Winter,811.0165573590331,28.28633333333333,38.93333333333333,19.78944444444444
611,Autumn,744.6924840747896,32.23444444444445,46.416111111111114,19.54888888888889
611,Kharif,923.1972478595045,29.23144444444445,44.84833333333333,15.761111111111111
611,Rabi,42.79172204807401,20.14311111111111,40.27722222222222,5.474444444444445
611,Summer,190.7060420622842,32.12555555555556,46.57277777777778,12.489444444444445
611,Whole Year,1010.3304789076662,26.224027777777778,46.62555555555556,5.474444444444445
611,Winter,784.4679081493782,26.537666666666667,37.812222222222225,10.975555555555555
612,Autumn,2323.759143723382,28.183444444444447,35.824444444444445,17.55388888888889
612,Kharif,2239.439301437802,27.774222222222225,35.21611111111111,17.783333333333335
612,Rabi,105.46142987637884,18.653444444444446,32.54055555555556,7.513333333333334
612,Summer,1352.6953798648383,26.40625,35.565555555555555,12.595
612,Whole Year,2950.6576875206083,23.870462962962964,35.755,7.513333333333334
612,Winter,1556.3658842664834,26.07288888888889,34.56888888888889,13.206111111111111
613,Autumn,941.0222573909494,24.04888888888889,34.50055555555556,13.488333333333333
613,Kharif,959.6492691834768,23.708222222222222,33.89722222222222,13.875555555555556
613,Rabi,96.62952366502334,16.16911111111111,30.494444444444444,4.4238888888888885
613,Summer,521.6256344550186,22.671805555555554,34.23833333333333,9.678888888888888
613,Whole Year,1309.8193638062933,20.490879629629628,34.60444444444445,4.4238888888888885
613,Winter,758.514997153129,22.288333333333334,33.51888888888889,9.88
614,Autumn,1363.0362561013962,21.36777777777778,32.39555555555555,10.060555555555556
614,Kharif,1368.8304007583195,21.41288888888889,32.254444444444445,11.704444444444444
614,Rabi,118.94297555523615,13.262777777777778,27.349444444444444,1.4916666666666667
614,Summer,703.4005230665207,19.485972222222223,32.03666666666666,5.888888888888889
614,Whole Year,1840.439295405522,17.77087962962963,32.635555555555555,1.4916666666666667
614,Winter,1091.60104118122,19.99588888888889,31.633333333333333,7.626111111111111
615,Autumn,1507.6453703774346,23.64011111111111,35.09833333333333,12.787777777777778
615,Kharif,1457.2996637688743,23.513333333333335,34.90888888888889,13.491666666666667
615,Rabi,162.7576992753893,15.071666666666667,29.311111111111114,4.2155555555555555
615,Summer,829.3074797524346,21.79388888888889,33.69055555555556,8.748333333333333
615,Whole Year,2024.5321762936396,19.79740740740741,35.025,4.2155555555555555
615,Winter,1137.1909602536923,21.997,34.66833333333333,9.43
616,Autumn,1624.2855514155494,28.329777777777778,36.36388888888889,17.327777777777776
616,Kharif,1437.5621884498332,27.956444444444443,35.83444444444444,17.655555555555555
616,Rabi,109.2049670788563,18.609333333333336,32.65222222222222,7.476111111111111
616,Summer,1030.191611048248,26.46625,35.974444444444444,12.71888888888889
616,Whole Year,2070.703290529342,23.93236111111111,36.46611111111111,7.476111111111111
616,Winter,996.2956279389974,26.19988888888889,35.30888888888889,13.077222222222222
617,Autumn,1855.820343432235,28.180444444444444,37.0,17.702222222222222
617,Kharif,1765.7315157296848,27.710111111111114,36.095,17.641666666666666
617,Rabi,130.71229039077403,18.81188888888889,33.73,7.797777777777777
617,Summer,1030.3816101477469,26.56513888888889,36.80722222222222,12.995
617,Whole Year,2417.567014831636,23.92337962962963,37.19555555555556,7.797777777777777
617,Winter,1340.0918365100651,25.986222222222224,35.18055555555556,13.147222222222222
618,Autumn,1274.3700604262174,27.11588888888889,37.123333333333335,15.333333333333334
618,Kharif,1250.8938264879914,26.684555555555555,36.71666666666667,15.659444444444444
618,Rabi,83.88601615680037,17.555333333333333,33.27222222222222,5.748888888888889
618,Summer,695.4943761395084,25.38222222222222,36.95055555555555,10.306111111111111
618,Whole Year,1696.0991846575503,22.78152777777778,37.21,5.748888888888889
618,Winter,969.4024418039177,24.950777777777777,36.077777777777776,11.445
619,Autumn,355.2072713557217,33.111666666666665,47.52666666666667,16.53222222222222
619,Kharif,441.0561922020796,30.753111111111114,46.32,15.238333333333335
619,Rabi,44.01175955941694,18.403555555555556,39.03277777777778,2.6855555555555553
619,Summer,61.66710102992753,31.649305555555557,47.596666666666664,9.865555555555556
619,Whole Year,501.59222657512873,26.021574074074074,47.45444444444445,2.6855555555555553
619,Winter,408.64104059297176,27.672888888888888,42.99944444444444,9.056111111111111
620,Autumn,547.0753636492623,13.31411111111111,27.25888888888889,-4.3838888888888885
620,Kharif,478.86740072692436,13.463555555555555,27.25888888888889,-1.8672222222222221
620,Rabi,542.8716470247341,-0.6305555555555555,15.733888888888888,-16.605
620,Summer,435.9088612596194,9.109166666666667,26.042777777777776,-11.165
620,Whole Year,1224.144349521233,6.96,27.25888888888889,-16.605
620,Winter,437.5582540113893,10.969888888888889,26.75,-7.758333333333334
621,Autumn,489.69676854213077,17.304444444444446,31.171666666666667,0.19666666666666666
621,Kharif,440.17545798048377,17.171777777777777,31.08888888888889,1.5661111111111112
621,Rabi,627.1172869553169,3.411888888888889,20.100555555555555,-11.893333333333333
621,Summer,436.98442033595506,13.483055555555556,30.601111111111113,-4.805
621,Whole Year,1252.8894996920394,10.91962962962963,31.112777777777776,-11.893333333333333
621,Winter,407.7342379453282,14.550222222222223,30.11888888888889,-2.323888888888889
622,Autumn,399.0180353058709,17.304444444444446,31.171666666666667,0.19666666666666666
622,Kharif,346.00902848742487,17.171777777777777,31.08888888888889,1.5661111111111112
622,Rabi,458.4275809990035,3.411888888888889,20.100555555555555,-11.893333333333333
622,Summer,362.34556783570184,13.483055555555556,30.601111111111113,-4.805
622,Whole Year,971.8002441257445,10.91962962962963,31.112777777777776,-11.893333333333333
622,Winter,316.6070768892144,14.550222222222223,30.11888888888889,-2.323888888888889
623,Autumn,394.59324165185285,10.087333333333333,26.42,-8.856111111111112
623,Kharif,281.15915548028767,10.752111111111113,26.42,-5.421666666666667
623,Rabi,414.8964750852298,-5.293111111111111,11.031666666666666,-24.570555555555554
623,Summer,374.6913916667302,4.876805555555555,23.39777777777778,-18.165000000000003
623,Whole Year,891.6191302060529,3.1759259259259256,26.42,-24.570555555555554
623,Winter,260.8294163823679,8.166444444444444,26.42,-11.693888888888889
624,Autumn,762.262292507622,31.35355555555556,46.145,14.457777777777778
624,Kharif,825.5757090917064,29.904666666666667,45.32388888888889,15.169444444444444
624,Rabi,333.43412926089434,16.49311111111111,34.30444444444444,4.0744444444444445
624,Summer,292.9756683996982,28.696388888888887,46.047222222222224,8.90611111111111
624,Whole Year,1252.9840515851974,24.30925925925926,46.27222222222222,4.0744444444444445
624,Winter,742.0889314777321,26.856111111111108,42.50333333333333,10.821666666666665
625,Autumn,390.68628679381476,17.304444444444446,31.171666666666667,0.19666666666666666
625,Kharif,326.0589176839976,17.171777777777777,31.08888888888889,1.5661111111111112
625,Rabi,459.14928668682217,3.411888888888889,20.100555555555555,-11.893333333333333
625,Summer,364.83294153360674,13.483055555555556,30.601111111111113,-4.805
625,Whole Year,956.9765349007038,10.91962962962963,31.112777777777776,-11.893333333333333
625,Winter,299.95535412196205,14.550222222222223,30.11888888888889,-2.323888888888889
626,Autumn,421.7549197232281,10.087333333333333,26.42,-8.856111111111112
626,Kharif,330.0303289645616,10.752111111111113,26.42,-5.421666666666667
626,Rabi,411.17555583953674,-5.293111111111111,11.031666666666666,-24.570555555555554
626,Summer,382.65940116952964,4.876805555555555,23.39777777777778,-18.165000000000003
626,Whole Year,933.3894465235923,3.1759259259259256,26.42,-24.570555555555554
626,Winter,300.710234173838,8.166444444444444,26.42,-11.693888888888889
627,Autumn,597.6447489173323,25.72277777777778,40.285,8.512222222222222
627,Kharif,600.6990379391032,24.777666666666665,39.55833333333333,9.67611111111111
627,Rabi,537.9939375563904,11.786333333333333,28.297222222222224,-0.8027777777777777
627,Summer,391.47045865213425,22.780555555555555,40.11888888888889,3.383888888888889
627,Whole Year,1290.898670532982,19.18486111111111,40.406666666666666,-0.8027777777777777
627,Winter,551.7275143360235,21.962555555555557,37.089444444444446,5.202777777777778
628,Autumn,957.526552412245,13.870555555555557,23.691666666666666,0.8672222222222222
628,Kharif,845.0941823323568,14.38988888888889,23.88888888888889,1.5133333333333332
628,Rabi,239.58106584991845,4.413444444444444,17.575,-5.712777777777777
628,Summer,697.0652087529501,11.042083333333332,22.938888888888886,-1.7816666666666667
628,Whole Year,1444.9913954567164,9.709675925925927,23.922777777777778,-5.712777777777777
628,Winter,665.1370298233297,12.596666666666668,23.795555555555556,-1.3516666666666668
629,Autumn,629.9955031346115,30.708333333333332,45.56666666666667,18.58555555555556
629,Kharif,761.0641290636526,28.020333333333333,43.52,15.582777777777778
629,Rabi,12.570914137625582,21.796555555555557,40.62277777777778,6.495
629,Summer,102.67616659499429,31.318194444444444,45.669999999999995,12.839444444444444
629,Whole Year,778.995382801871,26.27486111111111,45.85944444444445,6.495
629,Winter,673.7647062772539,26.123444444444445,38.28055555555555,12.077222222222222
630,Autumn,291.97260450047474,25.53033333333333,39.166666666666664,17.70888888888889
630,Kharif,453.2301012382463,23.51388888888889,34.016666666666666,15.810555555555554
630,Rabi,72.33873215407408,22.59777777777778,37.830555555555556,9.991666666666667
630,Summer,157.18804525176958,26.891944444444444,39.15888888888889,15.284444444444444
630,Whole Year,616.6866879775706,23.86680555555556,39.15888888888889,9.991666666666667
630,Winter,445.0998394784552,22.76988888888889,32.105555555555554,12.699444444444445
631,Autumn,465.9776930375783,25.760444444444445,39.51166666666667,18.375
631,Kharif,615.6795084419902,23.90244444444444,34.39055555555555,16.43722222222222
631,Rabi,89.80131264658714,23.047666666666668,38.38722222222222,10.78
631,Summer,261.2404040723901,27.053055555555556,39.510000000000005,15.607777777777777
631,Whole Year,886.5021027051325,24.22921296296296,39.510000000000005,10.78
631,Winter,610.2410328373037,23.231444444444445,32.605,13.593333333333334
632,Autumn,553.8888641993204,28.409333333333333,32.21388888888889,26.153333333333332
632,Kharif,671.8632422553169,27.726333333333333,29.80277777777778,25.848888888888887
632,Rabi,52.46780566705598,27.131888888888888,31.331111111111113,23.410555555555554
632,Summer,316.05082590381306,28.683194444444446,32.22388888888889,24.799444444444443
632,Whole Year,867.5266960097683,27.72625,32.236111111111114,23.410555555555554
632,Winter,551.1962582005394,27.601444444444446,29.61,25.681666666666665
633,Autumn,465.8473347526181,32.81422222222222,47.351111111111116,16.834444444444443
633,Kharif,596.6574172384485,30.203777777777777,46.245555555555555,14.58888888888889
633,Rabi,44.11847405287402,18.336555555555556,38.91388888888889,2.818888888888889
633,Summer,111.13880436964057,31.59722222222222,47.48444444444445,9.756111111111112
633,Whole Year,663.0943623926075,25.76259259259259,47.45444444444445,2.818888888888889
633,Winter,519.6967356916931,27.074666666666666,42.11888888888889,8.512777777777778
634,Autumn,302.93080742008704,28.565888888888892,41.54222222222222,21.51
634,Kharif,437.7540289656156,27.09755555555556,38.06666666666667,20.05333333333333
634,Rabi,252.25049768825187,25.619666666666667,40.22777777777778,14.673333333333334
634,Summer,207.6097732822376,29.51763888888889,41.60333333333333,19.183333333333334
634,Whole Year,803.6950536843987,27.018194444444443,41.60333333333333,14.673333333333334
634,Winter,524.517442802772,26.41611111111111,37.06,17.243333333333332
635,Autumn,367.38790367336736,29.56511111111111,43.882777777777775,20.693333333333335
635,Kharif,568.8941620193008,26.747888888888887,39.022777777777776,16.375
635,Rabi,41.035589387536874,25.292444444444445,40.84888888888889,11.42611111111111
635,Summer,152.7123115297614,31.040416666666665,43.88388888888889,17.844444444444445
635,Whole Year,666.7636093432084,27.143101851851853,43.91777777777778,11.42611111111111
635,Winter,506.099372871841,25.75588888888889,35.833333333333336,13.446111111111112
636,Autumn,1178.8275430230078,29.635555555555552,45.628888888888895,20.815
636,Kharif,1465.15780154864,26.473444444444443,42.062777777777775,15.939444444444446
636,Rabi,58.28908277413359,24.00911111111111,41.415,9.885555555555555
636,Summer,278.314891933291,31.37388888888889,45.702777777777776,17.094444444444445
636,Whole Year,1576.7869231814034,26.586805555555557,45.903888888888886,9.885555555555555
636,Winter,1289.5332324784938,25.026444444444444,33.71277777777778,12.547222222222222
637,Autumn,1017.0304145647419,28.142777777777777,43.67611111111111,19.50611111111111
637,Kharif,1288.524978660668,25.09911111111111,40.04388888888889,14.77222222222222
637,Rabi,40.818385425230694,21.84588888888889,39.58611111111111,8.062777777777777
637,Summer,251.77494845528983,29.694166666666668,43.72777777777778,15.496111111111112
637,Whole Year,1363.4863474666038,24.823425925925925,43.937777777777775,8.062777777777777
637,Winter,1105.1720810348374,23.55488888888889,31.73277777777778,11.01
638,Autumn,767.8488753098579,30.695555555555554,45.236111111111114,18.87611111111111
638,Kharif,968.0795129309926,27.435,43.96277777777778,14.979999999999999
638,Rabi,47.1816515761807,19.997666666666667,38.87,5.77
638,Summer,156.01981172000092,31.06222222222222,45.29888888888889,12.328888888888889
638,Whole Year,1036.093531143955,25.26171296296296,45.230555555555554,5.77
638,Winter,846.9121281223164,24.96311111111111,35.99166666666667,11.380555555555555
639,Autumn,623.9114198502567,29.768333333333334,44.925,19.003888888888888
639,Kharif,809.7509357589124,27.084666666666667,42.07555555555555,15.869444444444444
639,Rabi,13.522394560001514,23.041,40.97888888888889,8.14
639,Summer,131.18855590773398,30.8475,45.00388888888889,14.244444444444444
639,Whole Year,828.4646651894543,26.316574074074072,45.00611111111111,8.14
639,Winter,690.7296152127975,25.621111111111112,35.99333333333333,13.075
640,Autumn,595.9543673277108,32.696333333333335,47.125,18.43
640,Kharif,750.6495592238175,29.732444444444443,45.86833333333333,15.093333333333334
640,Rabi,35.302086154516374,19.293999999999997,39.82222222222222,4.242777777777778
640,Summer,141.338274289233,32.128055555555555,47.24944444444444,11.129444444444445
640,Whole Year,807.9428688705796,26.066435185185185,47.105555555555554,4.242777777777778
640,Winter,637.0123728470256,26.760888888888886,40.17277777777778,9.792777777777777
641,Autumn,1008.8140146564692,28.35077777777778,43.59833333333333,19.156111111111112
641,Kharif,1247.5822569384343,26.09911111111111,39.29555555555555,16.822222222222223
641,Rabi,16.5472257586403,24.062666666666665,41.14055555555555,9.79
641,Summer,219.18323571410858,29.586388888888887,43.68944444444444,15.400555555555554
641,Whole Year,1266.5379095077515,26.069583333333334,43.68,9.79
641,Winter,1033.2150650936076,25.18111111111111,34.339444444444446,14.794444444444444
642,Autumn,1088.9162280208166,29.02722222222222,44.535555555555554,21.044444444444444
642,Kharif,1388.2084399064381,26.088555555555555,40.38166666666667,16.16444444444444
642,Rabi,67.50580160729127,23.255000000000003,40.785555555555554,9.465
642,Summer,311.1030577071655,30.641944444444448,44.575,17.510555555555555
642,Whole Year,1534.6275954456698,25.96662037037037,44.724444444444444,9.465
642,Winter,1225.561298213807,24.671666666666667,32.56722222222223,12.226111111111111
643,Autumn,987.0021653370932,27.820222222222224,43.12222222222222,19.06
643,Kharif,1243.7504687143696,24.77366666666667,39.27611111111111,14.658888888888889
643,Rabi,43.278699377551675,20.564333333333334,38.47222222222222,7.252777777777778
643,Summer,289.19190697392656,29.089305555555555,43.17166666666667,14.55777777777778
643,Whole Year,1346.564155081494,24.074583333333333,43.36277777777778,7.252777777777778
643,Winter,1052.5490212600885,23.13666666666667,31.23944444444444,10.736666666666666
644,Autumn,823.1273985941101,30.968222222222224,46.794444444444444,19.698888888888888
644,Kharif,1044.775145349748,27.323555555555558,44.65888888888889,14.732777777777777
644,Rabi,42.14060210781517,21.172666666666668,40.33777777777778,5.868333333333333
644,Summer,199.32301921038714,31.987638888888885,46.81388888888889,12.761666666666667
644,Whole Year,1107.7574821811997,25.941388888888888,46.95722222222222,5.868333333333333
644,Winter,888.3312813580311,25.09,35.04888888888889,10.470555555555556
645,Autumn,965.973956550161,29.798333333333332,45.335,20.125555555555554
645,Kharif,1175.7594471176465,26.272444444444446,42.74666666666667,15.575555555555557
645,Rabi,30.03922128698064,21.481,40.02444444444444,7.34611111111111
645,Summer,243.49308158553856,31.161666666666665,45.370555555555555,14.563333333333333
645,Whole Year,1237.6751113784396,25.472685185185185,45.565,7.34611111111111
645,Winter,982.612879966972,24.356,33.281666666666666,11.828888888888889
646,Autumn,908.1992600586403,29.851888888888894,45.400000000000006,20.125
646,Kharif,1131.4712070960688,26.26822222222222,42.93888888888889,15.12388888888889
646,Rabi,54.02671200037002,21.662333333333333,39.92666666666666,7.418888888888889
646,Summer,234.27879870034474,31.318055555555556,45.44388888888889,14.43
646,Whole Year,1215.2700007788285,25.57476851851852,45.60388888888889,7.418888888888889
646,Winter,959.2363472749237,24.322777777777777,32.93111111111111,11.806666666666667
647,Autumn,840.6504622536401,31.239,47.13722222222222,20.18
647,Kharif,1079.2820386495441,27.52677777777778,45.18055555555556,14.672222222222224
647,Rabi,72.06654647199645,21.651666666666667,41.129444444444445,6.594444444444445
647,Summer,215.37732465151282,32.38722222222222,47.21222222222222,13.776111111111112
647,Whole Year,1179.511987911951,26.264675925925925,47.28277777777778,6.594444444444445
647,Winter,933.6964425583267,25.234666666666666,35.33722222222222,10.843333333333334
648,Autumn,891.0755433878963,29.550666666666668,44.24388888888889,18.353333333333335
648,Kharif,1127.2685087385278,26.378555555555558,42.53388888888889,14.556666666666665
648,Rabi,80.4210214048486,19.34511111111111,38.24166666666667,5.525555555555555
648,Summer,213.74968508934532,29.983333333333334,44.29666666666667,12.139444444444443
648,Whole Year,1236.0336683749185,24.371388888888887,44.300555555555555,5.525555555555555
648,Winter,960.6871080181941,24.029555555555554,34.22611111111111,11.005555555555555
649,Autumn,804.0624538624866,28.548333333333332,43.096666666666664,17.526111111111113
649,Kharif,1030.1902002644622,25.513555555555556,41.053333333333335,13.856666666666667
649,Rabi,59.763130944739615,18.198555555555558,36.85611111111111,4.596111111111111
649,Summer,205.09111840039907,28.79097222222222,43.166111111111114,11.265
649,Whole Year,1125.0745589808664,23.338657407407407,43.092777777777776,4.596111111111111
649,Winter,875.1010433692071,23.192333333333334,33.205555555555556,10.165555555555555
650,Autumn,909.672034052925,30.894111111111116,46.83611111111111,20.03222222222222
650,Kharif,1156.0699998314183,27.143666666666668,44.79222222222222,14.512777777777778
650,Rabi,51.17518523997731,21.836333333333332,41.16555555555556,6.576666666666666
650,Summer,214.46613896286323,32.217083333333335,46.90166666666667,13.784444444444444
650,Whole Year,1226.2599960892564,26.165972222222223,47.02,6.576666666666666
650,Winter,982.3831816286677,24.985888888888887,34.54055555555556,10.775555555555554
651,Autumn,196.1795600861725,34.345222222222226,48.33111111111111,15.211111111111112
651,Kharif,228.50472180669507,32.965555555555554,47.64055555555555,15.510555555555555
651,Rabi,39.30367218071802,17.77733333333333,37.986666666666665,1.8788888888888888
651,Summer,73.52192198174696,31.331944444444446,48.236666666666665,9.486666666666666
651,Whole Year,287.7458073605473,26.583703703703705,48.42277777777778,1.8788888888888888
651,Winter,184.5932719902032,29.734333333333332,45.68222222222222,9.719444444444443
652,Autumn,1458.9490392296402,27.787111111111113,38.87555555555556,19.62388888888889
652,Kharif,1292.4584874753598,26.87,34.45777777777778,18.41888888888889
652,Rabi,105.87079538694685,20.935666666666666,36.705,8.371666666666666
652,Summer,952.3433924642977,27.391666666666666,38.727222222222224,14.196111111111112
652,Whole Year,1951.1804974301267,24.605046296296294,38.727222222222224,8.371666666666666
652,Winter,959.924232011454,25.669777777777778,33.76166666666667,13.879444444444445
653,Autumn,1616.7238460878532,28.316666666666666,39.74166666666667,20.524444444444445
653,Kharif,1527.2541130383809,27.34788888888889,34.11333333333333,18.468333333333334
653,Rabi,99.8212881108953,20.94788888888889,37.755,7.689444444444444
653,Summer,953.2070341640049,28.045833333333334,39.531666666666666,14.188333333333333
653,Whole Year,2134.330904720972,24.939722222222223,39.531666666666666,7.689444444444444
653,Winter,1141.3837862838473,26.12088888888889,33.40555555555555,13.734444444444444
654,Autumn,1732.2830251720216,27.50511111111111,39.09777777777778,19.180555555555557
654,Kharif,1691.6209625138176,26.735,34.79777777777778,18.513333333333335
654,Rabi,105.06363120964832,20.377333333333333,36.544999999999995,7.855555555555556
654,Summer,950.4537429735065,27.03875,38.87777777777777,13.481666666666666
654,Whole Year,2262.824627087762,24.264722222222222,38.87777777777777,7.855555555555556
654,Winter,1274.8442423620986,25.534000000000002,34.025555555555556,13.503888888888888
655,Autumn,1740.8362468083699,27.787111111111113,38.87555555555556,19.62388888888889
655,Kharif,1603.5489418594925,26.87,34.45777777777778,18.41888888888889
655,Rabi,132.59173261877837,20.935666666666666,36.705,8.371666666666666
655,Summer,1079.0490072375094,27.391666666666666,38.727222222222224,14.196111111111112
655,Whole Year,2349.62335423387,24.605046296296294,38.727222222222224,8.371666666666666
655,Winter,1223.8759053292924,25.669777777777778,33.76166666666667,13.879444444444445
656,Autumn,2099.271970395688,28.426111111111112,37.205000000000005,17.707222222222224
656,Kharif,1975.5761175420548,27.856444444444445,35.97333333333333,17.665000000000003
656,Rabi,110.40226749937842,18.737777777777776,33.97222222222222,7.310555555555556
656,Summer,1246.7229215789723,26.855416666666667,37.03055555555555,12.79
656,Whole Year,2682.544135869929,24.039027777777775,37.114444444444445,7.310555555555556
656,Winter,1421.7783941948028,26.172444444444444,35.14666666666667,13.147222222222222
657,Autumn,1543.205634964837,23.678888888888892,32.842777777777776,12.989444444444445
657,Kharif,1457.904434778072,23.536,31.918333333333333,13.351111111111111
657,Rabi,147.70319679802583,15.139333333333333,29.23944444444444,3.207777777777778
657,Summer,929.5273299018542,22.001527777777778,32.81888888888889,7.970000000000001
657,Whole Year,2105.6067769308515,19.882685185185185,32.93833333333333,3.207777777777778
657,Winter,1135.860935954584,22.03011111111111,31.599999999999998,8.703333333333333
658,Autumn,4649.577396035194,22.6,29.98277777777778,12.629444444444443
658,Kharif,4517.2458465099335,22.459666666666667,29.44166666666667,12.639444444444443
658,Rabi,183.37124026401176,14.62811111111111,27.160555555555554,3.1355555555555554
658,Summer,2462.877134607898,21.11277777777778,29.71277777777778,8.532777777777778
658,Whole Year,5663.118744326134,19.060277777777777,29.96611111111111,3.1355555555555554
658,Winter,3228.8635830065855,21.08911111111111,29.35777777777778,8.459444444444445
659,Autumn,595.7276067287764,32.449111111111115,47.10888888888889,16.483888888888888
659,Kharif,745.7602250197282,29.843444444444444,45.99,14.263333333333334
659,Rabi,53.62231313426875,17.919666666666668,38.245555555555555,2.9655555555555555
659,Summer,112.79203907855683,31.11861111111111,47.22666666666666,9.615555555555556
659,Whole Year,821.2105039190501,25.358564814814812,47.24111111111111,2.9655555555555555
659,Winter,672.934884565158,26.691333333333333,41.90277777777778,8.422777777777778
660,Autumn,485.06493237002945,31.960888888888892,47.29,15.812222222222223
660,Kharif,600.6207765707815,29.453,45.92666666666666,13.893333333333334
660,Rabi,85.16444617716802,17.38377777777778,37.37166666666667,2.6727777777777777
660,Summer,144.8081005639684,30.510555555555552,47.36055555555556,9.57611111111111
660,Whole Year,718.7388057290219,24.871435185185184,47.32666666666667,2.6727777777777777
660,Winter,511.93544499985416,26.32311111111111,41.650000000000006,8.306111111111111
661,Autumn,509.98425757112324,32.50933333333333,47.39333333333333,16.162777777777777
661,Kharif,616.2405984427918,29.893333333333334,46.22944444444445,14.204444444444444
661,Rabi,65.92114460502785,17.81844444444444,38.32666666666667,2.323888888888889
661,Summer,117.91933658194762,31.18263888888889,47.49055555555555,9.295555555555556
661,Whole Year,706.9720576043344,25.35240740740741,47.47666666666666,2.323888888888889
661,Winter,542.2047059766396,26.715444444444444,42.004444444444445,8.107222222222223
662,Autumn,708.3195267981953,26.968222222222224,40.95055555555555,10.635
662,Kharif,756.187719018923,25.761444444444443,40.138333333333335,12.205
662,Rabi,254.56322142730156,13.348,29.47277777777778,1.9077777777777776
662,Summer,244.25352326159677,24.382777777777775,40.79388888888889,5.640555555555555
662,Whole Year,1092.0814708314008,20.53449074074074,41.107777777777784,1.9077777777777776
662,Winter,674.0312577995161,22.991444444444443,37.419444444444444,7.9238888888888885
663,Autumn,2241.184936099582,28.474333333333334,39.35944444444445,17.697777777777777
663,Kharif,2183.0863411691453,27.427444444444443,36.53944444444445,17.214444444444446
663,Rabi,104.96721534875945,19.57422222222222,36.76888888888889,6.925000000000001
663,Summer,1359.1581435087655,27.65347222222222,39.20611111111111,12.673333333333334
663,Whole Year,2915.751580525914,24.365092592592593,39.224999999999994,6.925000000000001
663,Winter,1535.1663965013706,25.85711111111111,35.43888888888889,12.537777777777778
664,Autumn,3084.4653575685284,28.460555555555555,39.51222222222222,17.905
664,Kharif,3130.505302764751,27.233,36.76,17.54111111111111
664,Rabi,104.422472063452,19.460444444444445,36.535,7.212777777777778
664,Summer,1541.2557743277262,27.63875,39.46055555555555,12.935
664,Whole Year,3860.4743375528465,24.23902777777778,39.47833333333333,7.212777777777778
664,Winter,2291.0779280647357,25.560222222222222,34.155,12.824444444444445
665,Autumn,2094.3376379269002,28.338444444444445,44.15611111111111,20.181666666666665
665,Kharif,2516.0444682737193,26.318555555555555,37.58111111111111,17.27722222222222
665,Rabi,18.229679931852,25.13688888888889,42.70222222222222,11.413888888888888
665,Summer,464.5975567519802,29.543611111111108,44.27333333333333,16.725
665,Whole Year,2544.995712065724,26.56740740740741,44.27333333333333,11.413888888888888
665,Winter,2081.822478049055,25.642,35.23222222222222,15.94611111111111
666,Autumn,1578.3999105382848,24.875555555555554,36.83166666666667,13.595
666,Kharif,1500.8349174570153,24.58388888888889,37.0,14.041666666666666
666,Rabi,203.94130492334565,16.06722222222222,31.361666666666665,4.845000000000001
666,Summer,918.7292902557937,23.122638888888886,35.818333333333335,9.995
666,Whole Year,2151.9052581887827,20.88032407407407,37.157222222222224,4.845000000000001
666,Winter,1158.1172118175912,22.96322222222222,36.681666666666665,10.094444444444443
667,Autumn,691.2551007696117,30.727777777777778,45.575,17.741111111111113
667,Kharif,829.6967638991773,27.596444444444444,43.88444444444444,14.375
667,Rabi,40.005716350653934,20.740222222222222,40.275000000000006,4.971111111111111
667,Summer,135.01644855810122,31.331111111111113,45.74,11.434999999999999
667,Whole Year,880.268449495857,25.697175925925926,45.79611111111112,4.971111111111111
667,Winter,730.1135825132951,25.383555555555557,37.253888888888895,10.776111111111112
668,Autumn,804.3052715941527,29.789888888888886,45.38333333333333,19.54611111111111
668,Kharif,1010.1101912805511,27.316444444444443,41.86055555555556,16.816666666666666
668,Rabi,5.182304536026937,24.031222222222222,41.80111111111111,8.942222222222222
668,Summer,148.01919944345212,30.94236111111111,45.462222222222216,14.76222222222222
668,Whole Year,1020.1851803589566,26.8225,45.47944444444445,8.942222222222222
668,Winter,855.4539866188977,26.108444444444444,36.21,14.220555555555556
669,Autumn,689.4703804741924,30.79555555555556,45.84388888888889,19.44611111111111
669,Kharif,850.0471581557972,28.182222222222222,43.40222222222222,16.25
669,Rabi,4.607783627075453,23.25722222222222,41.57277777777778,7.839444444444443
669,Summer,91.57815308072087,31.67,45.90277777777778,14.254999999999999
669,Whole Year,860.5609017755422,26.99189814814815,45.99777777777778,7.839444444444443
669,Winter,759.224541288904,26.558222222222224,37.66111111111111,13.338888888888889
672,Autumn,702.9781157979166,31.204222222222224,45.83555555555555,19.449444444444445
672,Kharif,859.6328947675632,28.726,43.818333333333335,16.265
672,Rabi,6.173137809851287,22.946,41.42666666666667,8.178888888888888
672,Summer,92.06097229473568,31.88888888888889,45.876666666666665,14.538888888888888
672,Whole Year,871.6593099903821,27.0962962962963,46.00833333333333,8.178888888888888
672,Winter,762.9001786645363,26.916999999999998,38.775555555555556,13.232222222222223
673,Autumn,545.6387595759911,30.988777777777777,44.60166666666667,19.52611111111111
673,Kharif,680.4469081024743,29.665555555555557,42.255,18.200000000000003
673,Rabi,6.379936267311375,23.03022222222222,40.79055555555556,7.347777777777777
673,Summer,128.26506668722465,30.934305555555554,44.63388888888889,14.243333333333332
673,Whole Year,690.3094538216376,27.295277777777777,44.60611111111111,7.347777777777777
673,Winter,544.6918624811289,28.21277777777778,39.20722222222222,13.751111111111111
674,Autumn,469.1342878857524,28.103666666666665,30.653333333333332,24.409444444444446
674,Kharif,596.4733384415093,28.241555555555557,30.860555555555557,25.719444444444445
674,Rabi,7.094992334488779,24.381666666666668,29.884999999999998,19.48611111111111
674,Summer,94.2814663311777,27.338055555555556,30.737777777777776,22.024444444444445
674,Whole Year,610.9527676181557,26.527592592592594,30.87888888888889,19.48611111111111
674,Winter,515.5792955456612,27.769333333333336,30.60055555555555,24.087222222222223
675,Autumn,801.3973622101877,28.794555555555558,41.06444444444444,20.413333333333334
675,Kharif,963.7392465874553,27.694555555555556,37.303333333333335,19.855
675,Rabi,11.840980811251535,24.207555555555555,39.065555555555555,11.894444444444444
675,Summer,198.0804700218969,29.10361111111111,41.041111111111114,16.843333333333334
675,Whole Year,979.3309938478801,26.61148148148148,41.041111111111114,11.894444444444444
675,Winter,788.9695325846474,26.90711111111111,34.946666666666665,17.23611111111111
676,Autumn,525.3595259207542,31.41977777777778,46.428333333333335,20.22722222222222
676,Kharif,672.1958612108397,29.115111111111112,43.78777777777778,17.47
676,Rabi,4.9624010116137836,23.93311111111111,42.29333333333333,8.367222222222223
676,Summer,139.00259270519018,32.19,46.48166666666667,14.809444444444445
676,Whole Year,683.2816834288337,27.74837962962963,46.45611111111111,8.367222222222223
676,Winter,539.8720023514771,27.62022222222222,38.52611111111111,13.728333333333333
677,Autumn,2301.7957946400584,18.477888888888888,28.115,6.4655555555555555
677,Kharif,2197.1639578548475,18.838,28.06,7.466666666666667
677,Rabi,222.91309379248156,9.146444444444445,22.174444444444443,-0.6144444444444443
677,Summer,1209.5577710020689,15.85388888888889,27.37222222222222,2.7444444444444445
677,Whole Year,3000.6396651463465,14.349537037037038,28.130000000000003,-0.6144444444444443
677,Winter,1695.0989033101516,17.13611111111111,27.943333333333335,4.023888888888888
678,Autumn,1581.400008825608,25.390333333333334,35.52111111111111,14.226111111111111
678,Kharif,1432.133962024877,25.08711111111111,34.943333333333335,14.148888888888889
678,Rabi,259.36502193999877,16.522888888888886,29.909444444444446,5.8838888888888885
678,Summer,1001.7872849334904,23.609722222222224,34.96,10.680555555555555
678,Whole Year,2208.216947336624,21.36861111111111,35.59833333333333,5.8838888888888885
678,Winter,1113.3183559271288,23.436666666666667,34.51444444444444,10.364444444444445
679,Autumn,1856.6137017497308,20.148222222222223,31.41388888888889,7.771666666666666
679,Kharif,1804.2171079052819,20.513222222222222,31.227222222222224,8.232777777777777
679,Rabi,252.9040080439989,10.616,25.05611111111111,0.37555555555555553
679,Summer,1076.1050085844815,17.468611111111112,30.40555555555555,4.243333333333333
679,Whole Year,2543.927778544111,15.931435185185185,31.428333333333335,0.37555555555555553
679,Winter,1371.0459975169763,18.776,31.002777777777776,4.510555555555555
680,Autumn,713.8712317912529,30.191333333333333,45.29777777777778,20.48111111111111
680,Kharif,912.4120362516907,26.499444444444446,42.085,15.403333333333332
680,Rabi,62.23793687712815,24.249777777777776,41.215555555555554,9.677222222222222
680,Summer,225.79415977290935,32.03819444444444,45.40611111111111,16.495
680,Whole Year,1010.4667589231912,26.850277777777777,45.41222222222222,9.677222222222222
680,Winter,773.7850128362576,24.983333333333334,34.59,12.901666666666666
681,Autumn,673.7607149553519,30.45633333333333,45.77222222222222,20.857777777777777
681,Kharif,876.9983071706913,26.743777777777776,42.51555555555555,15.844444444444443
681,Rabi,65.69493047430835,24.342555555555556,41.327777777777776,9.767222222222223
681,Summer,209.5097074338959,32.32180555555556,45.852222222222224,16.713333333333335
681,Whole Year,986.905749410184,27.040555555555557,45.86277777777778,9.767222222222223
681,Winter,755.2880818143625,25.191333333333333,34.65222222222222,13.064444444444444
682,Autumn,779.3551730564623,30.94966666666667,46.340555555555554,21.62611111111111
682,Kharif,1005.3913205397073,27.401777777777777,42.64666666666667,16.427222222222223
682,Rabi,61.877052921594846,24.883444444444443,41.79777777777778,10.532222222222224
682,Summer,209.74184319418336,32.7025,46.422222222222224,17.46388888888889
682,Whole Year,1107.939940886572,27.58615740740741,46.483333333333334,10.532222222222224
682,Winter,880.7708156428954,25.874333333333333,35.63666666666667,13.302222222222222
683,Autumn,611.2195039721735,30.044888888888888,45.17444444444445,20.712222222222223
683,Kharif,792.1450319864131,26.501444444444445,41.535555555555554,15.891111111111112
683,Rabi,65.13496721122,24.328222222222223,41.05222222222222,10.208333333333334
683,Summer,195.16938895989713,31.83638888888889,45.26833333333334,16.87611111111111
683,Whole Year,901.4896026587596,26.834027777777777,45.26833333333334,10.208333333333334
683,Winter,686.9550265905298,25.048000000000002,34.69444444444444,13.059999999999999
684,Autumn,864.1474456372729,31.09877777777778,46.614999999999995,21.392777777777777
684,Kharif,1090.9006773429335,27.399,43.367222222222225,16.239444444444445
684,Rabi,62.19072799140841,24.760555555555555,41.845555555555556,9.945
684,Summer,229.88980085365932,32.93694444444444,46.67166666666667,17.016666666666666
684,Whole Year,1190.9585341272164,27.59023148148148,46.745555555555555,9.945
684,Winter,942.4465651361293,25.799333333333333,35.26111111111111,13.063333333333333
685,Autumn,682.4387896702522,29.810444444444443,44.476111111111116,20.500555555555554
685,Kharif,843.2197642856174,26.28977777777778,41.02055555555555,15.57111111111111
685,Rabi,60.10562317135433,24.287555555555556,40.66555555555556,10.278333333333332
685,Summer,203.39252352517926,31.596249999999998,44.585,16.803888888888892
685,Whole Year,951.6231236493009,26.686296296296298,44.626666666666665,10.278333333333332
685,Winter,730.9969997853041,24.881,34.56666666666667,13.075
686,Autumn,562.7666681220549,30.441,45.555,21.501666666666665
686,Kharif,774.8725669135649,27.12411111111111,41.583888888888886,16.58277777777778
686,Rabi,64.21936053486057,24.515666666666664,41.29555555555555,10.827777777777778
686,Summer,178.49778625306982,32.013749999999995,45.657222222222224,17.538333333333334
686,Whole Year,880.5355384531947,27.177916666666665,45.705555555555556,10.827777777777778
686,Winter,695.2080331780015,25.645333333333333,35.68666666666667,13.427222222222222
687,Autumn,932.7623166367412,30.99411111111111,46.58666666666667,21.907777777777778
687,Kharif,1191.2885479073466,27.497444444444444,43.02111111111111,16.67111111111111
687,Rabi,52.79664029604123,25.07288888888889,42.03055555555555,10.561666666666667
687,Summer,221.78241102250269,32.8,46.681666666666665,18.028888888888886
687,Whole Year,1286.9019981732154,27.715555555555554,46.84,10.561666666666667
687,Winter,1057.7921860796619,25.99288888888889,35.239444444444445,13.159444444444444
688,Autumn,702.5704092842838,30.600333333333335,45.91111111111111,21.954444444444444
688,Kharif,927.8269415196077,27.542666666666666,41.80555555555556,17.338333333333335
688,Rabi,66.63617029510162,24.842222222222222,41.72333333333333,11.36111111111111
688,Summer,205.68148468356625,32.00819444444445,46.00611111111111,18.545555555555556
688,Whole Year,1049.551437013081,27.457685185185184,46.08555555555555,11.36111111111111
688,Winter,834.8188308241927,26.10622222222222,36.25833333333333,14.003333333333334
689,Autumn,480.1087763693045,30.424777777777777,45.43611111111111,21.612222222222222
689,Kharif,680.663415595889,27.31688888888889,41.330000000000005,17.130555555555553
689,Rabi,61.163957406249295,24.64966666666667,41.345,11.36
689,Summer,166.2616430890781,31.816111111111113,45.54222222222222,17.99388888888889
689,Whole Year,789.4704422459558,27.261435185185185,45.61555555555556,11.36
689,Winter,612.6083510665705,25.894666666666666,36.117777777777775,13.997222222222224
690,Autumn,835.3012924031526,30.351222222222223,45.84722222222222,22.194444444444443
690,Kharif,1047.31537401483,27.39588888888889,41.59222222222222,17.54388888888889
690,Rabi,75.19772241568123,24.894777777777776,41.90888888888889,11.362222222222222
690,Summer,247.93944771160128,31.831388888888892,45.94,18.991666666666667
690,Whole Year,1194.4161490706933,27.37115740740741,46.023888888888884,11.362222222222222
690,Winter,939.6644045867854,26.00011111111111,35.42944444444444,13.856111111111112
691,Autumn,596.0553685592281,29.202444444444446,43.51777777777777,20.174444444444443
691,Kharif,782.4564355330335,25.842333333333332,39.696666666666665,15.358333333333333
691,Rabi,57.68198549902687,23.82311111111111,40.05166666666666,10.334444444444445
691,Summer,190.03716828591294,30.89305555555556,43.61833333333333,16.99
691,Whole Year,891.1750456259275,26.169907407407408,43.69555555555556,10.334444444444445
691,Winter,687.8541941147091,24.47211111111111,34.333333333333336,12.693333333333333
692,Autumn,479.60924078813855,29.318333333333335,44.087222222222216,20.358888888888888
692,Kharif,655.3834763699108,25.98488888888889,40.019444444444446,15.612222222222222
692,Rabi,65.6979671764291,23.697777777777777,40.282222222222224,10.145
692,Summer,170.48547154126896,30.951666666666668,44.2,16.73111111111111
692,Whole Year,767.3519522243489,26.18574074074074,44.27333333333333,10.145
692,Winter,582.5802909631834,24.567666666666668,34.51444444444444,12.692222222222222
693,Autumn,419.8365444865675,29.090555555555554,43.83722222222222,20.391666666666666
693,Kharif,611.8076490973249,26.17211111111111,38.97388888888889,16.662222222222223
693,Rabi,42.33325527907337,24.51311111111111,40.669444444444444,11.66777777777778
693,Summer,175.9811633553494,30.570555555555554,43.85944444444445,17.344444444444445
693,Whole Year,716.6075691344837,26.50611111111111,43.882222222222225,11.66777777777778
693,Winter,533.4146130875121,25.069444444444443,34.90166666666667,13.833888888888888
694,Autumn,383.9811381972912,29.290000000000003,43.806666666666665,20.76111111111111
694,Kharif,617.2854967382219,26.40888888888889,39.19888888888889,17.08
694,Rabi,51.60760877560824,24.165444444444447,40.53722222222222,11.659444444444444
694,Summer,145.66772365611462,30.633611111111108,43.85666666666666,17.793333333333337
694,Whole Year,724.4847393777842,26.467037037037034,43.885,11.659444444444444
694,Winter,571.7243248646458,25.185666666666666,35.007777777777775,13.932777777777778
695,Autumn,386.30119808183775,29.619666666666667,43.907222222222224,20.69388888888889
695,Kharif,566.3751024217516,26.82,39.10277777777778,16.772222222222222
695,Rabi,39.33933618030062,25.41722222222222,41.01166666666667,11.92388888888889
695,Summer,167.48933027118994,31.043055555555554,43.90166666666667,17.884444444444444
695,Whole Year,666.3275328237149,27.214166666666667,43.916666666666664,11.92388888888889
695,Winter,491.9879463476439,25.817111111111114,36.075,13.922777777777778
696,Autumn,517.7683066434606,30.99522222222222,46.28611111111111,22.46611111111111
696,Kharif,725.1269585139773,28.10377777777778,42.10055555555555,18.03388888888889
696,Rabi,63.95114853371072,25.31888888888889,42.20333333333333,12.223888888888888
696,Summer,152.78497677530953,32.224444444444444,46.37555555555556,19.361666666666665
696,Whole Year,835.5012560170833,27.90402777777778,46.470555555555556,12.223888888888888
696,Winter,662.8883300251155,26.67588888888889,37.13722222222222,14.815555555555555
697,Autumn,452.5594929560191,30.424777777777777,45.43611111111111,21.612222222222222
697,Kharif,662.6056250400013,27.31688888888889,41.330000000000005,17.130555555555553
697,Rabi,57.738109770127465,24.64966666666667,41.345,11.36
697,Summer,166.12047800152666,31.816111111111113,45.54222222222222,17.99388888888889
697,Whole Year,775.5769506210668,27.261435185185185,45.61555555555556,11.36
697,Winter,595.9646935363611,25.894666666666666,36.117777777777775,13.997222222222224
698,Autumn,513.6746025217903,28.763444444444442,43.474999999999994,19.848888888888887
698,Kharif,704.2036962568023,25.513,39.05444444444444,15.111666666666666
698,Rabi,47.40139590994811,23.90388888888889,40.25277777777777,10.432777777777778
698,Summer,180.57474068828202,30.43680555555555,43.54055555555556,17.03
698,Whole Year,806.1874601888803,25.98578703703704,43.59111111111111,10.432777777777778
698,Winter,614.2273843109056,24.29711111111111,34.333333333333336,12.449444444444445
699,Autumn,944.4657413377944,31.02444444444445,46.61944444444444,21.138333333333335
699,Kharif,1158.958900473598,27.203444444444447,43.73833333333333,15.681666666666665
699,Rabi,67.53610324331869,24.230555555555554,41.642222222222216,9.192777777777778
699,Summer,263.6137530612242,32.87305555555556,46.672222222222224,16.425555555555558
699,Whole Year,1263.138754776679,27.29078703703704,46.748333333333335,9.192777777777778
699,Winter,979.7967013106164,25.48166666666667,34.80833333333333,12.601666666666667
700,Autumn,489.0034286759701,29.066333333333333,43.67055555555555,20.313333333333333
700,Kharif,667.801363856704,25.932888888888886,39.531111111111116,15.955555555555556
700,Rabi,63.05891213119949,23.543111111111113,40.08,10.402222222222223
700,Summer,172.3607304495426,30.53888888888889,43.77722222222222,16.845555555555553
700,Whole Year,786.0237934936619,26.015740740740743,43.88055555555556,10.402222222222223
700,Winter,598.1462226327923,24.576333333333334,34.571666666666665,12.833333333333334
701,Autumn,315.64035937831636,33.11944444444444,46.687777777777775,16.194444444444443
701,Kharif,374.7950743169834,31.32766666666667,45.95444444444444,15.921666666666665
701,Rabi,41.81477318849001,18.30011111111111,38.55,2.5766666666666667
701,Summer,98.17516240084336,31.140972222222224,46.67666666666666,9.667222222222222
701,Whole Year,451.5403274970336,26.116990740740743,46.84888888888889,2.5766666666666667
701,Winter,325.9332032399252,28.39622222222222,43.699444444444445,9.799444444444443
702,Autumn,2700.944575309753,22.626,31.827777777777776,12.256666666666668
702,Kharif,2860.662092792767,22.04588888888889,30.553333333333335,13.503333333333334
702,Rabi,106.82564407021358,14.119111111111112,28.408333333333335,3.586666666666667
702,Summer,1224.9955238313587,21.258055555555554,31.743333333333332,8.631666666666668
702,Whole Year,3447.902124724868,18.724537037037035,31.816111111111113,3.586666666666667
702,Winter,2189.9919070165465,20.45777777777778,28.81277777777778,9.421666666666667
703,Autumn,1084.122313140719,30.116111111111113,45.645,20.04388888888889
703,Kharif,1325.979041589631,27.78311111111111,41.68555555555556,16.603333333333335
703,Rabi,75.819531077795,20.499666666666666,39.93444444444444,6.197777777777778
703,Summer,476.6936673146707,30.210138888888892,45.55833333333333,13.518888888888888
703,Whole Year,1586.6119406114985,25.453148148148145,45.607777777777784,6.197777777777778
703,Winter,1069.0948339831084,25.938666666666666,34.27666666666667,11.621111111111112
704,Autumn,981.2775780234692,30.292777777777776,45.07833333333333,19.528333333333332
704,Kharif,1217.9684814943207,27.88577777777778,42.093333333333334,16.296666666666667
704,Rabi,73.5222669792258,20.022666666666666,39.10166666666667,5.805555555555555
704,Summer,409.78038004630554,30.25680555555555,45.059444444444445,13.315555555555555
704,Whole Year,1436.9765526479523,25.297777777777778,45.19722222222222,5.805555555555555
704,Winter,1000.4307190287444,25.845111111111112,34.745,11.257222222222222
705,Autumn,1338.4500439431931,25.759666666666664,35.11277777777778,14.708333333333334
705,Kharif,1233.8293110706188,25.550555555555558,34.580000000000005,15.392222222222223
705,Rabi,121.01249588336105,16.782666666666664,31.158333333333335,6.238888888888889
705,Summer,778.4721842695166,23.96763888888889,34.80611111111111,10.523333333333333
705,Whole Year,1764.6893369480968,21.729953703703703,35.27333333333333,6.238888888888889
705,Winter,949.1165254321638,23.942888888888888,34.035555555555554,11.42611111111111
706,Autumn,1520.250706831614,28.191777777777776,37.400000000000006,17.647222222222222
706,Kharif,1445.2654636347734,27.709666666666667,36.51888888888889,17.397777777777776
706,Rabi,157.9977710288432,19.005666666666666,33.221666666666664,8.758888888888889
706,Summer,839.6200223852087,26.612777777777776,37.21,13.61888888888889
706,Whole Year,2030.2991112556167,24.00962962962963,37.48,8.758888888888889
706,Winter,1134.1906206672666,25.99388888888889,35.687222222222225,13.712777777777779
707,Autumn,2042.8214077419705,28.474333333333334,39.35944444444445,17.697777777777777
707,Kharif,1992.4696952899296,27.427444444444443,36.53944444444445,17.214444444444446
707,Rabi,96.36664749702646,19.57422222222222,36.76888888888889,6.925000000000001
707,Summer,1257.8591271026266,27.65347222222222,39.20611111111111,12.673333333333334
707,Whole Year,2682.625480733191,24.365092592592593,39.224999999999994,6.925000000000001
707,Winter,1395.9106368841603,25.85711111111111,35.43888888888889,12.537777777777778
708,Autumn,1605.9489699469673,27.626555555555555,39.74944444444444,16.78277777777778
708,Kharif,1520.8016361130608,27.31888888888889,39.352222222222224,16.855
708,Rabi,200.41202513542441,18.61866666666667,33.29888888888889,7.607222222222223
708,Summer,937.8470796744028,25.912777777777777,38.77055555555555,12.43
708,Whole Year,2180.01619482206,23.55689814814815,39.724999999999994,7.607222222222223
708,Winter,1169.5001482168834,25.67088888888889,38.75222222222222,13.182222222222222
709,Autumn,963.878753874037,28.08966666666667,38.44166666666667,17.10611111111111
709,Kharif,985.2423172456981,27.440555555555555,36.93555555555556,17.25277777777778
709,Rabi,112.6211414858239,19.421777777777777,35.65888888888889,7.9061111111111115
709,Summer,517.8157849768062,26.844444444444445,38.40611111111111,12.450555555555557
709,Whole Year,1366.566472398876,24.119999999999997,38.51833333333334,7.9061111111111115
709,Winter,807.9492967366068,25.854777777777777,36.00111111111111,13.009444444444444
710,Autumn,942.7632325755226,27.195777777777778,37.75,15.485555555555557
710,Kharif,982.0630087918705,26.72411111111111,36.965555555555554,15.991666666666667
710,Rabi,108.37460779005454,17.87311111111111,34.27166666666667,5.8694444444444445
710,Summer,491.6393809649679,25.587916666666665,37.64055555555555,10.481111111111112
710,Whole Year,1350.5774407868998,22.969074074074072,37.992777777777775,5.8694444444444445
710,Winter,821.1418121181842,25.040666666666667,35.78611111111111,11.397222222222222
718,Autumn,2048.1899377858194,25.93,35.004444444444445,14.96888888888889
718,Kharif,1981.0176406436497,25.72,34.44833333333334,15.358888888888888
718,Rabi,199.62945944326066,17.027,30.875555555555554,6.84
718,Summer,1093.694386627939,24.100555555555555,34.797222222222224,11.29277777777778
718,Whole Year,2683.805928522031,21.913333333333334,35.22333333333333,6.84
718,Winter,1520.9541740549244,24.084111111111113,33.78722222222222,11.57611111111111
719,Autumn,1819.4640585581462,21.917666666666666,32.00111111111111,10.091111111111111
719,Kharif,1713.7661157184177,22.104333333333333,31.856666666666666,10.668333333333333
719,Rabi,224.3707156897419,12.712333333333333,26.18111111111111,2.287777777777778
719,Summer,1029.807105700175,19.546944444444446,31.252777777777776,6.471666666666667
719,Whole Year,2425.9118469212617,17.826666666666668,32.02166666666667,2.287777777777778
719,Winter,1312.0810498702858,20.43744444444444,31.404999999999998,7.247777777777778
720,Autumn,1023.9093626629975,30.197555555555557,46.02333333333333,21.591666666666665
720,Kharif,1298.2846499681473,26.94511111111111,42.14388888888889,16.60666666666667
720,Rabi,53.457306238305236,24.57133333333333,41.85666666666666,10.365
720,Summer,251.00121051342123,32.004444444444445,46.117777777777775,18.113333333333333
720,Whole Year,1406.7327974254472,27.121666666666666,46.24,10.365
720,Winter,1154.7013588667744,25.497,33.89555555555555,12.980555555555556
721,Autumn,468.8199339802894,29.404999999999998,44.005,20.433888888888887
721,Kharif,647.9879230305,26.483,39.02722222222222,16.505000000000003
721,Rabi,39.40200850650392,25.073111111111114,40.934444444444445,11.621111111111112
721,Summer,169.20339092722645,30.907222222222217,44.007777777777775,17.532777777777778
721,Whole Year,743.9579026436226,26.926666666666666,44.04388888888889,11.621111111111112
721,Winter,564.0186974976073,25.453777777777777,35.53055555555555,13.644444444444444
722,Autumn,605.2649222260548,32.777,47.23388888888889,18.621111111111112
722,Kharif,752.5189581411994,29.71277777777778,46.218333333333334,15.60277777777778
722,Rabi,44.93333520316001,20.116444444444443,40.226111111111116,4.806111111111111
722,Summer,129.83299949920425,32.539027777777775,47.30277777777778,11.453888888888889
722,Whole Year,809.8850982446844,26.485601851851854,47.35277777777778,4.806111111111111
722,Winter,649.2509910477739,26.91477777777778,40.257777777777775,10.865
723,Autumn,1783.0533838007186,25.759666666666664,35.11277777777778,14.708333333333334
723,Kharif,1677.0844910409714,25.550555555555558,34.580000000000005,15.392222222222223
723,Rabi,159.39477181631244,16.782666666666664,31.158333333333335,6.238888888888889
723,Summer,1055.0144102672737,23.96763888888889,34.80611111111111,10.523333333333333
723,Whole Year,2349.740841602596,21.729953703703703,35.27333333333333,6.238888888888889
723,Winter,1263.8351467802293,23.942888888888888,34.035555555555554,11.42611111111111
724,Autumn,1808.1778406567041,24.684444444444445,35.60722222222223,12.220555555555556
724,Kharif,1710.9549262965165,24.808888888888887,35.46888888888889,12.948333333333332
724,Rabi,228.53619945787443,15.229999999999999,29.208333333333332,4.437222222222222
724,Summer,1028.0795190069412,22.331249999999997,34.70166666666667,8.498888888888889
724,Whole Year,2416.8857213597466,20.47222222222222,35.70777777777778,4.437222222222222
724,Winter,1302.6053233350867,23.077444444444446,35.30555555555556,9.046111111111111
725,Autumn,2173.6399893937287,16.301555555555556,26.448888888888888,4.475
725,Kharif,2152.6894151855395,16.752666666666666,26.42888888888889,4.98
725,Rabi,291.2954548859486,6.882000000000001,20.628888888888888,-2.7744444444444443
725,Summer,1257.3509337107341,13.479166666666666,25.53666666666667,1.0572222222222223
725,Whole Year,2990.7223060481524,12.136851851851851,26.482777777777777,-2.7744444444444443
725,Winter,1628.2937467971608,15.037555555555555,26.290000000000003,1.983888888888889
726,Autumn,1421.776821212163,24.025000000000002,35.57722222222222,13.96888888888889
726,Kharif,1486.954624577174,23.612222222222222,33.48166666666666,15.516111111111112
726,Rabi,117.05134300012436,18.038,32.90888888888889,4.664444444444444
726,Summer,775.1161140319374,23.327916666666667,35.394444444444446,10.29611111111111
726,Whole Year,1969.9138996317274,21.35,35.43666666666667,4.664444444444444
726,Winter,1162.5515394586891,22.65711111111111,32.958888888888886,11.001666666666667
727,Autumn,1753.5682467884485,25.003555555555558,35.528888888888886,15.657222222222222
727,Kharif,1741.9310054425837,24.455333333333336,33.63611111111111,16.233333333333334
727,Rabi,155.76837078074888,18.545333333333335,33.13444444444445,5.942777777777778
727,Summer,1000.4378411107593,24.216388888888886,35.43611111111111,11.905
727,Whole Year,2404.4139908265875,22.056712962962962,35.468888888888884,5.942777777777778
727,Winter,1353.9627053227136,23.365555555555556,33.12444444444444,11.675555555555555
728,Autumn,1729.958689636654,23.989,34.78944444444445,14.333888888888888
728,Kharif,1748.9843957689072,23.55933333333333,32.513333333333335,15.686111111111112
728,Rabi,154.5083665847778,17.962000000000003,32.312222222222225,5.09
728,Summer,970.974113482292,23.23166666666667,34.64277777777778,10.822222222222223
728,Whole Year,2381.201320524569,21.274305555555557,34.71333333333334,5.09
728,Winter,1362.1133100727088,22.598222222222223,31.904999999999998,11.227222222222222
729,Autumn,294.05214387233605,28.481222222222225,41.535555555555554,20.62277777777778
729,Kharif,486.1413123350085,26.85388888888889,38.114999999999995,18.895555555555557
729,Rabi,413.3649089218658,24.03011111111111,39.82666666666667,13.166666666666666
729,Summer,152.6820055426639,28.90472222222222,41.57555555555555,17.194444444444443
729,Whole Year,989.5565256662206,26.166064814814817,41.57555555555555,13.166666666666666
729,Winter,698.2127187941912,25.835,36.92277777777778,15.594999999999999
730,Autumn,310.2392046267374,30.05466666666667,39.075,24.59111111111111
730,Kharif,653.8446663510468,29.02911111111111,37.57833333333333,23.672222222222224
730,Rabi,512.7792734709672,25.783,35.165,19.518888888888892
730,Summer,124.70984302647412,29.85875,38.90555555555555,22.194444444444443
730,Whole Year,1226.8081813770243,27.922222222222224,38.898888888888884,19.518888888888892
730,Winter,909.2687413858043,28.139222222222223,36.504444444444445,21.666666666666668
731,Autumn,388.67039067132606,29.750777777777778,43.41555555555556,21.251666666666665
731,Kharif,634.6501835650868,27.936777777777777,39.815,19.596111111111114
731,Rabi,309.46669595098746,24.309444444444445,40.717777777777776,13.916111111111112
731,Summer,160.8505833155165,30.018611111111113,43.26,17.829444444444444
731,Whole Year,1028.4171443704722,26.941481481481482,43.26,13.916111111111112
731,Winter,756.0111486911774,26.715,38.11944444444444,16.54111111111111
732,Autumn,340.42188485711813,28.19511111111111,41.60944444444445,20.18722222222222
732,Kharif,481.26472894102335,26.433777777777777,37.68222222222222,18.450000000000003
732,Rabi,153.68120197900055,23.831555555555557,39.82388888888889,12.785
732,Summer,181.58072428156933,28.78805555555555,41.599444444444444,17.20888888888889
732,Whole Year,742.449111602683,25.899768518518517,41.599444444444444,12.785
732,Winter,518.1318181595868,25.418777777777777,36.26888888888889,15.09388888888889
733,Autumn,341.7110538597184,26.304666666666666,39.42611111111111,20.64
733,Kharif,460.5254849541104,25.177,34.017222222222216,19.716666666666665
733,Rabi,383.59129376599077,25.061777777777777,39.513333333333335,14.876666666666669
733,Summer,249.30777939188258,27.475,39.95,19.201666666666668
733,Whole Year,983.8170774225146,25.57523148148148,39.965,14.876666666666669
733,Winter,598.8865541205224,24.860333333333333,33.28,17.78277777777778
734,Autumn,896.4684678908022,29.15888888888889,44.32833333333333,17.70888888888889
734,Kharif,1149.9538236602589,25.852,42.52,13.372222222222222
734,Rabi,88.69784749244099,19.317999999999998,38.36555555555556,4.5811111111111105
734,Summer,228.53828177373438,29.77180555555556,44.39833333333333,11.595
734,Whole Year,1276.7775570854405,24.11523148148148,44.455555555555556,4.5811111111111105
734,Winter,997.717095085868,23.526555555555557,33.403888888888886,9.842222222222222
735,Autumn,310.49826390627356,29.767444444444443,35.225,25.724444444444444
735,Kharif,535.5070289340284,29.13711111111111,34.45722222222222,25.078333333333333
735,Rabi,668.5908536829261,26.555555555555557,32.59888888888889,22.47722222222222
735,Summer,198.1865477219431,29.502777777777776,35.144444444444446,24.461111111111112
735,Whole Year,1312.565538293061,28.202314814814812,35.18222222222222,22.47722222222222
735,Winter,868.9739223354393,28.519888888888886,34.114444444444445,24.34
736,Autumn,1447.9100607236226,21.36777777777778,32.39555555555555,10.060555555555556
736,Kharif,1420.9035145441692,21.41288888888889,32.254444444444445,11.704444444444444
736,Rabi,135.27365753230535,13.262777777777778,27.349444444444444,1.4916666666666667
736,Summer,759.6250647173988,19.485972222222223,32.03666666666666,5.888888888888889
736,Whole Year,1932.8457592312868,17.77087962962963,32.635555555555555,1.4916666666666667
736,Winter,1122.9346769385868,19.99588888888889,31.633333333333333,7.626111111111111
737,Autumn,434.4037140757535,33.41466666666667,47.87611111111111,15.10277777777778
737,Kharif,510.5857998883282,31.690888888888892,46.93111111111111,14.895555555555555
737,Rabi,78.14167785065041,17.21588888888889,37.44722222222222,1.663333333333333
737,Summer,136.30207076703232,30.800138888888892,47.78333333333333,8.842777777777776
737,Whole Year,622.2528654428681,25.748657407407407,47.92,1.663333333333333
737,Winter,428.6645669237607,28.445111111111107,44.56,8.693333333333333
738,Autumn,324.50980355597477,27.07288888888889,40.50111111111111,19.732777777777777
738,Kharif,448.0789261349925,25.016444444444446,35.76277777777778,16.69666666666667
738,Rabi,52.36473933117533,24.416777777777778,38.958888888888886,11.881111111111112
738,Summer,170.62248757164235,28.575416666666666,40.51222222222222,17.284444444444446
738,Whole Year,597.3147230500149,25.55537037037037,40.51222222222222,11.881111111111112
738,Winter,417.8839592209292,24.37777777777778,33.547222222222224,14.047222222222222
741,Autumn,2515.4977905838577,22.626,31.827777777777776,12.256666666666668
741,Kharif,2620.1277733654883,22.04588888888889,30.553333333333335,13.503333333333334
741,Rabi,154.90282034784278,14.119111111111112,28.408333333333335,3.586666666666667
741,Summer,1210.981710102823,21.258055555555554,31.743333333333332,8.631666666666668
741,Whole Year,3272.420574382706,18.724537037037035,31.816111111111113,3.586666666666667
741,Winter,2004.350147206198,20.45777777777778,28.81277777777778,9.421666666666667
742,Autumn,2190.4827371173433,22.265444444444444,32.00333333333334,11.643333333333333
742,Kharif,2280.626807368464,21.522777777777776,30.551111111111116,12.681111111111111
742,Rabi,143.10711081795117,13.904111111111112,28.65666666666667,3.312222222222222
742,Summer,1048.328512872259,21.038194444444443,31.90277777777778,8.211666666666666
742,Whole Year,2862.7601326094177,18.382777777777775,31.932777777777776,3.312222222222222
742,Winter,1754.128861527476,19.91122222222222,28.03944444444444,8.937222222222223
743,Autumn,721.7453848484122,29.378111111111114,45.08611111111111,21.583333333333332
743,Kharif,960.6375534482945,26.643,40.107777777777784,17.355
743,Rabi,105.28431544038985,23.201444444444444,41.35388888888889,9.922777777777778
743,Summer,323.90355482605503,30.58402777777778,45.04055555555556,18.318333333333335
743,Whole Year,1186.3072345418693,26.135787037037037,44.96,9.922777777777778
743,Winter,836.726921878571,25.17488888888889,33.52333333333333,13.132777777777777
744,Autumn,533.6800132657091,28.503555555555554,41.93666666666667,22.20111111111111
744,Kharif,871.8887895796034,26.65888888888889,37.50611111111111,19.61777777777778
744,Rabi,149.62415592554544,23.87211111111111,38.727222222222224,13.83
744,Summer,256.5526004923715,29.322500000000005,41.82111111111111,19.994444444444444
744,Whole Year,1117.1755272308988,26.124537037037037,41.726111111111116,13.83
744,Winter,824.0134660187696,25.585444444444445,32.635,16.10611111111111
745,Autumn,783.2097943805986,26.38811111111111,40.84388888888889,19.488333333333333
745,Kharif,1059.637381301986,24.024777777777775,35.763888888888886,15.381111111111112
745,Rabi,120.46545043473856,21.37388888888889,38.221111111111114,8.953333333333333
745,Summer,367.04489882807763,27.614305555555557,40.78611111111111,16.60388888888889
745,Whole Year,1321.8125227496234,23.757453703703703,40.773888888888884,8.953333333333333
745,Winter,918.85878767901,22.840444444444444,29.936666666666667,11.375
746,Autumn,548.7696575445848,29.89,44.40166666666667,22.920555555555556
746,Kharif,893.110437836912,27.77466666666667,39.84388888888889,20.159444444444446
746,Rabi,123.54901798980103,25.318333333333335,41.148888888888884,14.931666666666665
746,Summer,243.35593396963344,30.87125,44.32611111111111,20.496666666666666
746,Whole Year,1107.5732778540503,27.460787037037036,44.29944444444445,14.931666666666665
746,Winter,841.5006961934268,26.666999999999998,35.00666666666667,17.03222222222222
747,Autumn,576.1832109416524,29.79588888888889,40.748333333333335,24.607222222222223
747,Kharif,963.2974802299782,28.376333333333335,37.236666666666665,22.675555555555558
747,Rabi,142.40580571746383,25.764333333333333,36.419999999999995,18.544444444444444
747,Summer,234.35288994386792,30.235694444444448,40.61055555555556,22.684444444444445
747,Whole Year,1187.266065351113,27.73708333333333,40.52222222222222,18.544444444444444
747,Winter,935.2065536446041,27.44988888888889,33.985,20.395555555555557
748,Autumn,657.069190243466,29.943777777777775,45.04388888888889,22.51111111111111
748,Kharif,909.1378838706898,27.525777777777776,40.602222222222224,18.88888888888889
748,Rabi,97.32517687417567,25.13722222222222,41.81777777777778,13.544444444444444
748,Summer,212.17182126199754,31.09111111111111,45.07111111111111,19.891111111111112
748,Whole Year,1078.8549433000799,27.341018518518517,45.06944444444444,13.544444444444444
748,Winter,843.5355862638464,26.30911111111111,35.20666666666667,15.708333333333334
749,Autumn,618.0384986252972,30.99522222222222,46.28611111111111,22.46611111111111
749,Kharif,842.0152969846018,28.10377777777778,42.10055555555555,18.03388888888889
749,Rabi,87.40758927580383,25.31888888888889,42.20333333333333,12.223888888888888
749,Summer,217.2129331358743,32.224444444444444,46.37555555555556,19.361666666666665
749,Whole Year,1000.5453389881661,27.90402777777778,46.470555555555556,12.223888888888888
749,Winter,762.4869769190748,26.67588888888889,37.13722222222222,14.815555555555555
750,Autumn,524.6405522274475,30.697777777777773,43.410555555555554,24.113333333333333
750,Kharif,874.8503416087892,28.889666666666667,40.117222222222225,21.17111111111111
750,Rabi,153.0111949796478,25.87988888888889,38.464444444444446,16.676111111111112
750,Summer,193.37119202324087,31.13291666666667,43.404444444444444,22.20388888888889
750,Whole Year,1094.1623733933602,28.172731481481478,43.440555555555555,16.663333333333334
750,Winter,860.9835098759996,27.69633333333333,36.67444444444445,18.48166666666667
751,Autumn,419.197886900045,31.14,46.419999999999995,22.658333333333335
751,Kharif,616.5396413471964,28.454222222222224,42.095555555555556,18.593888888888888
751,Rabi,92.61465685369654,25.529,42.361111111111114,12.775555555555556
751,Summer,141.0264191046978,32.144305555555555,46.496111111111105,19.888333333333335
751,Whole Year,754.2990216983276,28.09861111111111,46.55555555555556,12.775555555555556
751,Winter,595.0078592035505,27.029555555555554,37.654444444444444,15.306666666666665
752,Autumn,341.57057200827535,29.906777777777776,43.71388888888889,21.03611111111111
752,Kharif,643.2740534808901,27.828111111111113,39.49722222222223,19.392222222222223
752,Rabi,424.6611276158235,24.128111111111114,41.128888888888895,13.725000000000001
752,Summer,132.06048651795007,30.335138888888892,43.60333333333333,17.426666666666666
752,Whole Year,1131.70068657243,26.919722222222223,43.60333333333333,13.725000000000001
752,Winter,852.9086114697986,26.569333333333333,37.47888888888889,16.426111111111112
753,Autumn,323.3085990683348,28.72222222222222,42.251666666666665,20.627222222222223
753,Kharif,483.3175043220873,26.503333333333334,37.67611111111111,18.378333333333334
753,Rabi,124.05125513700422,24.03611111111111,40.35277777777778,12.78
753,Summer,157.07469275883503,29.608194444444443,42.18666666666667,17.33
753,Whole Year,693.6064527846044,26.20111111111111,42.18666666666667,12.78
753,Winter,494.8488408851402,25.430999999999997,35.757777777777775,15.527777777777779
754,Autumn,300.2153219025996,27.505777777777777,40.85166666666667,19.593333333333334
754,Kharif,477.6565849803112,25.255555555555556,36.27388888888889,17.461111111111112
754,Rabi,82.23861541930171,23.306666666666665,39.19444444444444,11.388333333333334
754,Summer,150.77682160282575,28.6675,40.81555555555556,16.51
754,Whole Year,645.6079403680783,25.22037037037037,40.81555555555556,11.388333333333334
754,Winter,475.9597793033829,24.277444444444445,34.16444444444445,14.062222222222223
755,Autumn,475.76026721878185,29.609666666666662,44.06666666666667,21.047222222222224
755,Kharif,686.7411817091482,26.89511111111111,39.13388888888889,17.57166666666667
755,Rabi,47.022045990383184,25.192444444444444,41.36944444444444,12.512777777777778
755,Summer,185.32447698933106,30.91361111111111,44.044444444444444,17.712222222222223
755,Whole Year,804.3019105761691,27.122546296296296,44.101111111111116,12.512777777777778
755,Winter,614.0561281541983,25.857333333333333,36.14111111111111,14.75111111111111
757,Autumn,1159.0486951735284,24.066555555555556,35.04055555555556,12.903888888888888
757,Kharif,1178.163093606631,23.79477777777778,34.50277777777777,13.643333333333333
757,Rabi,97.88714196564008,15.555333333333332,30.189444444444444,3.9911111111111115
757,Summer,602.0426189038488,22.425694444444446,34.58722222222222,8.875555555555556
757,Whole Year,1587.3785344920018,20.229537037037037,34.84444444444445,3.9911111111111115
757,Winter,949.157175147699,22.241888888888887,33.945,9.288333333333334
758,Autumn,1096.2795324325562,26.64811111111111,37.54777777777778,15.444444444444445
758,Kharif,1106.0307032664616,26.10511111111111,36.95666666666667,16.059444444444445
758,Rabi,97.53679541650193,17.977333333333334,33.599999999999994,6.681111111111111
758,Summer,568.8400717664648,25.26625,37.14722222222222,11.091111111111111
758,Whole Year,1498.061934205255,22.69101851851852,37.63777777777778,6.681111111111111
758,Winter,892.0870740779296,24.505222222222223,36.34111111111111,12.083888888888888
759,Autumn,827.3897759070688,30.894111111111116,46.83611111111111,20.03222222222222
759,Kharif,1033.1797127127647,27.143666666666668,44.79222222222222,14.512777777777778
759,Rabi,64.40454297292011,21.836333333333332,41.16555555555556,6.576666666666666
759,Summer,197.91326409254083,32.217083333333335,46.90166666666667,13.784444444444444
759,Whole Year,1117.689337413413,26.165972222222223,47.02,6.576666666666666
759,Winter,885.8519495405532,24.985888888888887,34.54055555555556,10.775555555555554
760,Autumn,918.1507489265023,29.909222222222223,45.31333333333333,18.508333333333333
760,Kharif,1168.2419547376992,26.578777777777777,43.529444444444444,13.852222222222222
760,Rabi,75.06008321617121,20.084111111111113,39.28722222222222,5.3405555555555555
760,Summer,210.2093290902766,30.593333333333337,45.35388888888889,12.481111111111112
760,Whole Year,1273.6753537405605,24.870925925925928,45.445,5.3405555555555555
760,Winter,1012.3097927493998,24.22855555555556,34.42166666666667,10.112222222222222
761,Autumn,973.411123495411,30.21111111111111,46.335,20.350555555555555
761,Kharif,1214.5736268015094,26.508111111111113,43.70722222222222,14.934444444444445
761,Rabi,56.692576692474105,22.278000000000002,40.760555555555555,7.879444444444445
761,Summer,220.97570672231137,31.85888888888889,46.38388888888889,15.143888888888888
761,Whole Year,1295.501053865309,26.023935185185184,46.49944444444444,7.879444444444445
761,Winter,1052.967815876421,24.557888888888886,33.10333333333333,11.571111111111112
762,Autumn,961.6506973391192,30.96033333333333,46.61611111111111,20.28333333333333
762,Kharif,1219.3909440124062,27.521333333333335,44.36055555555556,15.471111111111112
762,Rabi,51.39082313066831,21.158666666666665,39.91722222222222,6.644444444444444
762,Summer,225.63633005410708,31.83763888888889,46.654444444444444,13.684444444444445
762,Whole Year,1305.6591469961459,25.96837962962963,46.724999999999994,6.644444444444444
762,Winter,1053.4504091445078,25.294333333333334,34.92277777777778,11.166111111111112
763,Autumn,1032.468436802358,30.964444444444446,46.72777777777778,19.942777777777778
763,Kharif,1280.300082054127,27.45211111111111,44.30388888888889,15.274444444444445
763,Rabi,55.94299485299874,21.336,40.208888888888886,6.264444444444445
763,Summer,258.0746298861448,31.92694444444444,46.748333333333335,13.102222222222222
763,Whole Year,1381.019555079923,26.04513888888889,46.861111111111114,6.264444444444445
763,Winter,1095.3360123904765,25.287666666666667,34.78,10.899444444444445
764,Autumn,1146.6337770620983,26.64811111111111,37.54777777777778,15.444444444444445
764,Kharif,1162.478981766436,26.10511111111111,36.95666666666667,16.059444444444445
764,Rabi,97.24732927522726,17.977333333333334,33.599999999999994,6.681111111111111
764,Summer,589.4137468636036,25.26625,37.14722222222222,11.091111111111111
764,Whole Year,1563.0182912287612,22.69101851851852,37.63777777777778,6.681111111111111
764,Winter,936.0156464543608,24.505222222222223,36.34111111111111,12.083888888888888
765,Autumn,1447.9100607236226,21.36777777777778,32.39555555555555,10.060555555555556
765,Kharif,1420.9035145441692,21.41288888888889,32.254444444444445,11.704444444444444
765,Rabi,135.27365753230535,13.262777777777778,27.349444444444444,1.4916666666666667
765,Summer,759.6250647173988,19.485972222222223,32.03666666666666,5.888888888888889
765,Whole Year,1932.8457592312868,17.77087962962963,32.635555555555555,1.4916666666666667
765,Winter,1122.9346769385868,19.99588888888889,31.633333333333333,7.626111111111111
